State,Date,Solar,Wind,Small hydro,Bioenergy
India (total),2019-03,28225.72,35625.965,4593.15,9918.95
India (total),2019-04,28724.22,35815.88,4594.15,9946.95
India (total),2019-05,29454.26,36089.12,4603.75,9946.95
India (total),2019-06,29594.32,36368.47,4604.8,9946.95
India (total),2019-07,30116.39,36686.82,4604.8,9946.95
India (total),2019-08,30753.86,36750.42,4608.805,9948.45
India (total),2019-09,31247.565,36920.22,4627.955,9948.45
India (total),2019-10,31741.27,37090.02,4647.105,9948.45
India (total),2019-11,32758.42,37297.6,4659.33,9975.95
India (total),2019-12,33775.57,37505.18,4671.555,10003.45
India (total),2020-01,34080.67,37607.7,4676.555,10003.45
India (total),2020-02,34450.68,37669.25,4683.155,10003.45
India (total),2020-03,34672.83,37693.75,4683.155,10024.95
India (total),2020-04,34816.6,37725.05,4683.155,10028.05
India (total),2020-05,34960.37,37756.35,4683.155,10031.15
India (total),2020-06,35167.34,37829.55,4688.155,10031.15
India (total),2020-07,35475.85,37914.55,4714.06,10172.855
India (total),2020-08,35784.36,37999.55,4739.965,10314.56
India (total),2020-09,36095.75,38124.15,4739.965,10314.56
India (total),2020-10,36362.58,38263.05,4740.465,10314.56
India (total),2020-11,36955.54,38433.55,4740.465,10314.56
India (total),2020-12,37509.65,38624.15,4750.455,10314.56
India (total),2021-01,38839.08,38683.65,4758.455,10314.56
India (total),2021-02,39128.72,38789.15,4783.055,10314.56
India (total),2021-03,40130.38,39247.05,4786.805,10314.56
India (total),2021-04,40631.51,39344.65,4786.805,10327.06
India (total),2021-05,41132.64,39442.25,4786.805,10339.56
India (total),2021-06,42536.38,39515.55,4790.705,10449.35
India (total),2021-07,43940.12,39588.85,4794.605,10559.14
India (total),2021-08,45611.91,39691.15,4807.805,10572.45
India (total),2021-09,46275.14,39870.45,4809.805,10577.45
India (total),2021-10,47665.89,39990.1,4821.805,10577.45
India (total),2021-11,48556.64,40033.6,4831.35,10609.72
India (total),2021-12,49430.11,40067.265,4835.625,10609.72
India (total),2022-01,50303.58,40100.93,4839.9,10609.72
India (total),2022-02,50777.77,40129.78,4839.9,10627.18
India (total),2022-03,53996.54,40357.58,4848.9,10682.36
India (total),2022-04,55337.66,40528.08,4850.9,10682.36
India (total),2022-05,56951.33,40706.38,4886.4,10682.36
India (total),2022-06,57705.72,40788.03,4887.9,10682.36
India (total),2022-07,57973.8,40893.33,4887.9,10682.36
India (total),2022-08,59302.7,41204.68,4887.9,10682.36
India (total),2022-09,60813.93,41666.08,4899.5,10700.84
India (total),2022-10,60813.93,41666.08,4899.5,10700.84
India (total),2022-11,61966.4,41895.28,4924.65,10725.84
India (total),2022-12,63302.52,41895.28,4924.65,10725.84
Andaman & Nicobar,2019-03,11.73,0,5.25,0
Andhra Pradesh,2019-03,3085.68,4090.45,162.11,500.34
Arunachal Pradesh,2019-03,5.39,0,131.105,0
Assam,2019-03,22.4,0,34.11,2
Bihar,2019-03,142.45,0,70.7,121.2
Chandigarh,2019-03,34.71,0,0,0
Chhatisgarh,2019-03,231.35,0,76,230.5
Dadar & Nagar Haveli,2019-03,5.46,0,0,0
Daman & Diu,2019-03,14.47,0,0,0
Delhi,2019-03,126.89,0,0,52
Goa,2019-03,3.92,0,0.05,0.34
Gujarat,2019-03,2440.13,6073.07,61.3,77.3
Haryana,2019-03,224.52,0,73.5,205.66
Himachal Pradesh,2019-03,22.68,0,860.61,7.2
Jammu & Kashmir,2019-03,14.83,0,179.03,0
Jharkhand,2019-03,34.95,0,4.05,4.3
Karnataka,2019-03,6095.56,4694.9,1254.73,1799.8
Kerala,2019-03,138.59,52.5,222.02,0.72
Lakshwadeep,2019-03,0.75,0,0,0
Madhya Pradesh,2019-03,1840.16,2519.89,95.91,120.75
Maharashtra,2019-03,1633.54,4794.13,375.57,2528.69
Manipur,2019-03,3.44,0,5.45,0
Meghalaya,2019-03,0.12,0,32.53,13.8
Mizoram,2019-03,0.5,0,36.47,0
Nagaland,2019-03,1,0,30.67,0
Odisha,2019-03,394.73,0,64.625,59.22
Others,2019-03,45.01,4.3,0,0
Pondicherry,2019-03,3.14,0,0,0
Punjab,2019-03,905.62,0,173.55,326.35
Rajasthan,2019-03,3226.79,4299.72,23.85,121.3
Sikkim,2019-03,0.01,0,52.11,0
Tamil Nadu,2019-03,2575.22,8968.905,123.05,1003.95
Telangana,2019-03,3592.09,128.1,90.87,177.6
Tripura,2019-03,5.09,0,16.01,0
Uttar Pradesh,2019-03,960.1,0,25.1,2115.51
Uttarakhand,2019-03,306.75,0,214.32,130.5
West Bengal,2019-03,75.95,0,98.5,319.92
Andaman & Nicobar,2019-04,11.73,0,5.25,0
Andhra Pradesh,2019-04,3089.27,4092.45,162.11,500.34
Arunachal Pradesh,2019-04,5.39,0,131.105,0
Assam,2019-04,22.4,0,34.11,2
Bihar,2019-04,142.45,0,70.7,121.2
Chandigarh,2019-04,34.71,0,0,0
Chhatisgarh,2019-04,231.35,0,76,230.5
Dadar & Nagar Haveli,2019-04,5.46,0,0,0
Daman & Diu,2019-04,14.47,0,0,0
Delhi,2019-04,126.89,0,0,52
Goa,2019-04,3.92,0,0.05,0.34
Gujarat,2019-04,2493.85,6102.67,61.3,77.3
Haryana,2019-04,224.52,0,73.5,205.66
Himachal Pradesh,2019-04,22.68,0,860.61,7.2
Jammu & Kashmir,2019-04,14.83,0,180.03,0
Jharkhand,2019-04,36.47,0,4.05,4.3
Karnataka,2019-04,6128.85,4694.9,1254.73,1827.8
Kerala,2019-04,138.59,52.5,222.02,0.72
Lakshwadeep,2019-04,0.75,0,0,0
Madhya Pradesh,2019-04,1940.16,2519.89,95.91,120.75
Maharashtra,2019-04,1633.54,4794.13,375.57,2528.69
Manipur,2019-04,3.44,0,5.45,0
Meghalaya,2019-04,0.12,0,32.53,13.8
Mizoram,2019-04,0.5,0,36.47,0
Nagaland,2019-04,1,0,30.67,0
Odisha,2019-04,394.73,0,64.625,59.22
Others,2019-04,45.01,4.3,0,0
Pondicherry,2019-04,3.14,0,0,0
Punjab,2019-04,905.62,0,173.55,326.35
Rajasthan,2019-04,3438.2,4299.72,23.85,121.3
Sikkim,2019-04,0.01,0,52.11,0
Tamil Nadu,2019-04,2663.48,9127.22,123.05,1003.95
Telangana,2019-04,3598.8,128.1,90.87,177.6
Tripura,2019-04,5.09,0,16.01,0
Uttar Pradesh,2019-04,960.1,0,25.1,2115.51
Uttarakhand,2019-04,306.75,0,214.32,130.5
West Bengal,2019-04,75.95,0,98.5,319.92
Andaman & Nicobar,2019-05,11.73,0,5.25,0
Andhra Pradesh,2019-05,3290.76,4092.45,162.11,500.34
Arunachal Pradesh,2019-05,5.39,0,131.105,0
Assam,2019-05,26.87,0,34.11,2
Bihar,2019-05,144.95,0,70.7,121.2
Chandigarh,2019-05,34.71,0,0,0
Chhatisgarh,2019-05,231.35,0,76,230.5
Dadar & Nagar Haveli,2019-05,5.46,0,0,0
Daman & Diu,2019-05,15.41,0,0,0
Delhi,2019-05,132.15,0,0,52
Goa,2019-05,4.78,0,0.05,0.34
Gujarat,2019-05,2564.14,6290.47,61.3,77.3
Haryana,2019-05,232.16,0,73.5,205.66
Himachal Pradesh,2019-05,24.02,0,870.21,7.2
Jammu & Kashmir,2019-05,15.12,0,180.03,0
Jharkhand,2019-05,36.47,0,4.05,4.3
Karnataka,2019-05,6134.91,4714.7,1254.73,1827.8
Kerala,2019-05,140.33,52.5,222.02,0.72
Lakshwadeep,2019-05,0.75,0,0,0
Madhya Pradesh,2019-05,1992.25,2519.89,95.91,120.75
Maharashtra,2019-05,1639.15,4794.13,375.57,2528.69
Manipur,2019-05,3.47,0,5.45,0
Meghalaya,2019-05,0.12,0,32.53,13.8
Mizoram,2019-05,0.51,0,36.47,0
Nagaland,2019-05,1,0,30.67,0
Odisha,2019-05,396.89,0,64.625,59.22
Others,2019-05,45.01,4.3,0,0
Pondicherry,2019-05,3.14,0,0,0
Punjab,2019-05,905.62,0,173.55,326.35
Rajasthan,2019-05,3551,4299.72,23.85,121.3
Sikkim,2019-05,0.01,0,52.11,0
Tamil Nadu,2019-05,2812.05,9192.86,123.05,1003.95
Telangana,2019-05,3598.8,128.1,90.87,177.6
Tripura,2019-05,9.41,0,16.01,0
Uttar Pradesh,2019-05,1045.1,0,25.1,2115.51
Uttarakhand,2019-05,309.84,0,214.32,130.5
West Bengal,2019-05,89.43,0,98.5,319.92
Andaman & Nicobar,2019-06,11.73,0,5.25,0
Andhra Pradesh,2019-06,3307.29,4092.45,162.11,500.34
Arunachal Pradesh,2019-06,5.39,0,131.105,0
Assam,2019-06,29.34,0,34.11,2
Bihar,2019-06,145.82,0,70.7,121.2
Chandigarh,2019-06,34.71,0,0,0
Chhatisgarh,2019-06,231.35,0,76,230.5
Dadar & Nagar Haveli,2019-06,5.46,0,0,0
Daman & Diu,2019-06,15.45,0,0,0
Delhi,2019-06,132.15,0,0,52
Goa,2019-06,4.78,0,0.05,0.34
Gujarat,2019-06,2622.21,6563.07,62.35,77.3
Haryana,2019-06,240.27,0,73.5,205.66
Himachal Pradesh,2019-06,25.43,0,870.21,7.2
Jammu & Kashmir,2019-06,16.37,0,180.03,0
Jharkhand,2019-06,36.47,0,4.05,4.3
Karnataka,2019-06,6145.71,4714.7,1254.73,1827.8
Kerala,2019-06,141.23,52.5,222.02,0.72
Lakshwadeep,2019-06,0.75,0,0,0
Madhya Pradesh,2019-06,1995.87,2519.89,95.91,120.75
Maharashtra,2019-06,1643.85,4794.13,375.57,2528.69
Manipur,2019-06,3.64,0,5.45,0
Meghalaya,2019-06,0.12,0,32.53,13.8
Mizoram,2019-06,0.66,0,36.47,0
Nagaland,2019-06,1,0,30.67,0
Odisha,2019-06,397.08,0,64.625,59.22
Others,2019-06,45.01,4.3,0,0
Pondicherry,2019-06,3.2,0,0,0
Punjab,2019-06,905.62,0,173.55,326.35
Rajasthan,2019-06,3552.8,4299.72,23.85,121.3
Sikkim,2019-06,0.01,0,52.11,0
Tamil Nadu,2019-06,2814.99,9199.61,123.05,1003.95
Telangana,2019-06,3620.75,128.1,90.87,177.6
Tripura,2019-06,9.41,0,16.01,0
Uttar Pradesh,2019-06,1045.1,0,25.1,2115.51
Uttarakhand,2019-06,312.66,0,214.32,130.5
West Bengal,2019-06,90.64,0,98.5,319.92
Andaman & Nicobar,2019-07,11.73,0,5.25,0
Andhra Pradesh,2019-07,3308.68,4092.45,162.11,500.34
Arunachal Pradesh,2019-07,5.6,0,131.105,0
Assam,2019-07,41.07,0,34.11,2
Bihar,2019-07,145.85,0,70.7,121.2
Chandigarh,2019-07,36.57,0,0,0
Chhatisgarh,2019-07,231.35,0,76,230.5
Dadar & Nagar Haveli,2019-07,5.46,0,0,0
Daman & Diu,2019-07,15.45,0,0,0
Delhi,2019-07,132.15,0,0,52
Goa,2019-07,4.78,0,0.05,0.34
Gujarat,2019-07,2647.72,6860.77,62.35,77.3
Haryana,2019-07,242.05,0,73.5,205.66
Himachal Pradesh,2019-07,26.88,0,870.21,7.2
Jammu & Kashmir,2019-07,18.76,0,180.03,0
Jharkhand,2019-07,38.2,0,4.05,4.3
Karnataka,2019-07,6302.97,4723.1,1254.73,1827.8
Kerala,2019-07,141.35,62.5,222.02,0.72
Lakshwadeep,2019-07,0.75,0,0,0
Madhya Pradesh,2019-07,2100.76,2519.89,95.91,120.75
Maharashtra,2019-07,1649.66,4794.13,375.57,2528.69
Manipur,2019-07,3.69,0,5.45,0
Meghalaya,2019-07,0.12,0,32.53,13.8
Mizoram,2019-07,1.4,0,36.47,0
Nagaland,2019-07,1,0,30.67,0
Odisha,2019-07,397.28,0,64.625,59.22
Others,2019-07,45.01,4.3,0,0
Pondicherry,2019-07,3.2,0,0,0
Punjab,2019-07,947.1,0,173.55,326.35
Rajasthan,2019-07,3708.63,4299.72,23.85,121.3
Sikkim,2019-07,0.07,0,52.11,0
Tamil Nadu,2019-07,2815.11,9201.86,123.05,1003.95
Telangana,2019-07,3620.75,128.1,90.87,177.6
Tripura,2019-07,9.41,0,16.01,0
Uttar Pradesh,2019-07,1045.1,0,25.1,2115.51
Uttarakhand,2019-07,314.7,0,214.32,130.5
West Bengal,2019-07,96.03,0,98.5,319.92
Andaman & Nicobar,2019-08,11.73,0,5.25,0
Andhra Pradesh,2019-08,3310.67,4092.45,162.11,500.34
Arunachal Pradesh,2019-08,5.61,0,131.105,0
Assam,2019-08,41.07,0,34.11,2
Bihar,2019-08,145.85,0,70.7,121.2
Chandigarh,2019-08,36.99,0,0,0
Chhatisgarh,2019-08,231.35,0,76,230.5
Dadar & Nagar Haveli,2019-08,5.46,0,0,0
Daman & Diu,2019-08,15.45,0,0,0
Delhi,2019-08,132.15,0,0,52
Goa,2019-08,4.78,0,0.05,0.34
Gujarat,2019-08,2654.4,6920.17,62.35,77.3
Haryana,2019-08,242.78,0,73.5,205.66
Himachal Pradesh,2019-08,27.39,0,870.21,7.2
Jammu & Kashmir,2019-08,19.13,0,180.03,0
Jharkhand,2019-08,38.2,0,4.05,4.3
Karnataka,2019-08,6407.97,4727.3,1254.73,1827.8
Kerala,2019-08,141.36,62.5,222.02,0.72
Lakshwadeep,2019-08,0.75,0,0,0
Madhya Pradesh,2019-08,2113.01,2519.89,95.91,120.75
Maharashtra,2019-08,1657.87,4794.13,379.575,2528.69
Manipur,2019-08,4,0,5.45,0
Meghalaya,2019-08,0.12,0,32.53,13.8
Mizoram,2019-08,1.4,0,36.47,0
Nagaland,2019-08,1,0,30.67,0
Odisha,2019-08,397.28,0,64.625,59.22
Others,2019-08,45.01,4.3,0,0
Pondicherry,2019-08,3.2,0,0,0
Punjab,2019-08,947.1,0,173.55,327.85
Rajasthan,2019-08,3925.67,4299.72,23.85,121.3
Sikkim,2019-08,0.07,0,52.11,0
Tamil Nadu,2019-08,3097.97,9201.86,123.05,1003.95
Telangana,2019-08,3620.75,128.1,90.87,177.6
Tripura,2019-08,9.41,0,16.01,0
Uttar Pradesh,2019-08,1045.1,0,25.1,2115.51
Uttarakhand,2019-08,314.99,0,214.32,130.5
West Bengal,2019-08,96.82,0,98.5,319.92
Andaman & Nicobar,2019-09,11.96,0,5.25,0
Andhra Pradesh,2019-09,3313.745,4092.45,162.11,500.34
Arunachal Pradesh,2019-09,5.61,0,131.105,0
Assam,2019-09,41.15,0,34.11,2
Bihar,2019-09,147.6,0,70.7,121.2
Chandigarh,2019-09,36.99,0,0,0
Chhatisgarh,2019-09,231.35,0,76,230.5
Dadar & Nagar Haveli,2019-09,5.46,0,0,0
Daman & Diu,2019-09,15.735,0,0,0
Delhi,2019-09,140.28,0,0,52
Goa,2019-09,4.78,0,0.05,0.34
Gujarat,2019-09,2670.985,7061.97,62.35,77.3
Haryana,2019-09,245.15,0,73.5,205.66
Himachal Pradesh,2019-09,28.51,0,888.36,7.2
Jammu & Kashmir,2019-09,19.13,0,180.03,0
Jharkhand,2019-09,38.3,0,4.05,4.3
Karnataka,2019-09,6452.695,4740.35,1255.73,1827.8
Kerala,2019-09,141.375,62.5,222.02,0.72
Lakshwadeep,2019-09,0.75,0,0,0
Madhya Pradesh,2019-09,2114.545,2519.89,95.91,120.75
Maharashtra,2019-09,1659.6,4794.13,379.575,2528.69
Manipur,2019-09,4.15,0,5.45,0
Meghalaya,2019-09,0.12,0,32.53,13.8
Mizoram,2019-09,1.41,0,36.47,0
Nagaland,2019-09,1,0,30.67,0
Odisha,2019-09,397.28,0,64.625,59.22
Others,2019-09,45.01,4.3,0,0
Pondicherry,2019-09,3.2,0,0,0
Punjab,2019-09,947.1,0,173.55,327.85
Rajasthan,2019-09,4331.65,4299.72,23.85,121.3
Sikkim,2019-09,0.07,0,52.11,0
Tamil Nadu,2019-09,3097.97,9216.81,123.05,1003.95
Telangana,2019-09,3620.75,128.1,90.87,177.6
Tripura,2019-09,9.41,0,16.01,0
Uttar Pradesh,2019-09,1045.1,0,25.1,2115.51
Uttarakhand,2019-09,314.99,0,214.32,130.5
West Bengal,2019-09,102.655,0,98.5,319.92
Andaman & Nicobar,2019-10,12.19,0,5.25,0
Andhra Pradesh,2019-10,3316.82,4092.45,162.11,500.34
Arunachal Pradesh,2019-10,5.61,0,131.105,0
Assam,2019-10,41.23,0,34.11,2
Bihar,2019-10,149.35,0,70.7,121.2
Chandigarh,2019-10,36.99,0,0,0
Chhatisgarh,2019-10,231.35,0,76,230.5
Dadar & Nagar Haveli,2019-10,5.46,0,0,0
Daman & Diu,2019-10,16.02,0,0,0
Delhi,2019-10,148.41,0,0,52
Goa,2019-10,4.78,0,0.05,0.34
Gujarat,2019-10,2687.57,7203.77,62.35,77.3
Haryana,2019-10,247.52,0,73.5,205.66
Himachal Pradesh,2019-10,29.63,0,906.51,7.2
Jammu & Kashmir,2019-10,19.13,0,180.03,0
Jharkhand,2019-10,38.4,0,4.05,4.3
Karnataka,2019-10,6497.42,4753.4,1256.73,1827.8
Kerala,2019-10,141.39,62.5,222.02,0.72
Lakshwadeep,2019-10,0.75,0,0,0
Madhya Pradesh,2019-10,2116.08,2519.89,95.91,120.75
Maharashtra,2019-10,1661.33,4794.13,379.575,2528.69
Manipur,2019-10,4.3,0,5.45,0
Meghalaya,2019-10,0.12,0,32.53,13.8
Mizoram,2019-10,1.42,0,36.47,0
Nagaland,2019-10,1,0,30.67,0
Odisha,2019-10,397.28,0,64.625,59.22
Others,2019-10,45.01,4.3,0,0
Pondicherry,2019-10,3.2,0,0,0
Punjab,2019-10,947.1,0,173.55,327.85
Rajasthan,2019-10,4737.63,4299.72,23.85,121.3
Sikkim,2019-10,0.07,0,52.11,0
Tamil Nadu,2019-10,3097.97,9231.76,123.05,1003.95
Telangana,2019-10,3620.75,128.1,90.87,177.6
Tripura,2019-10,9.41,0,16.01,0
Uttar Pradesh,2019-10,1045.1,0,25.1,2115.51
Uttarakhand,2019-10,314.99,0,214.32,130.5
West Bengal,2019-10,108.49,0,98.5,319.92
Andaman & Nicobar,2019-11,12.19,0,5.25,0
Andhra Pradesh,2019-11,3437.92,4092.45,162.11,500.34
Arunachal Pradesh,2019-11,5.61,0,131.105,0
Assam,2019-11,41.23,0,34.11,2
Bihar,2019-11,149.35,0,70.7,121.2
Chandigarh,2019-11,36.99,0,0,0
Chhatisgarh,2019-11,231.35,0,76,230.5
Dadar & Nagar Haveli,2019-11,5.46,0,0,0
Daman & Diu,2019-11,16.29,0,0,0
Delhi,2019-11,152.265,0,0,52
Goa,2019-11,4.78,0,0.05,0.34
Gujarat,2019-11,2725.56,7281.495,62.35,77.3
Haryana,2019-11,248.395,0,73.5,205.66
Himachal Pradesh,2019-11,31.1,0,906.51,7.2
Jammu & Kashmir,2019-11,19.215,0,180.255,0
Jharkhand,2019-11,38.4,0,4.05,4.3
Karnataka,2019-11,6886.175,4753.4,1268.73,1855.3
Kerala,2019-11,141.57,62.5,222.02,0.72
Lakshwadeep,2019-11,0.75,0,0,0
Madhya Pradesh,2019-11,2176.785,2519.89,95.91,120.75
Maharashtra,2019-11,1662.375,4897.23,379.575,2528.69
Manipur,2019-11,4.44,0,5.45,0
Meghalaya,2019-11,0.12,0,32.53,13.8
Mizoram,2019-11,1.47,0,36.47,0
Nagaland,2019-11,1,0,30.67,0
Odisha,2019-11,397.56,0,64.625,59.22
Others,2019-11,45.01,4.3,0,0
Pondicherry,2019-11,4.355,0,0,0
Punjab,2019-11,947.1,0,173.55,327.85
Rajasthan,2019-11,4790.92,4299.72,23.85,121.3
Sikkim,2019-11,0.07,0,52.11,0
Tamil Nadu,2019-11,3443.165,9258.515,123.05,1003.95
Telangana,2019-11,3620.75,128.1,90.87,177.6
Tripura,2019-11,9.41,0,16.01,0
Uttar Pradesh,2019-11,1045.1,0,25.1,2115.51
Uttarakhand,2019-11,315.24,0,214.32,130.5
West Bengal,2019-11,108.95,0,98.5,319.92
Andaman & Nicobar,2019-12,12.19,0,5.25,0
Andhra Pradesh,2019-12,3559.02,4092.45,162.11,500.34
Arunachal Pradesh,2019-12,5.61,0,131.105,0
Assam,2019-12,41.23,0,34.11,2
Bihar,2019-12,149.35,0,70.7,121.2
Chandigarh,2019-12,36.99,0,0,0
Chhatisgarh,2019-12,231.35,0,76,230.5
Dadar & Nagar Haveli,2019-12,5.46,0,0,0
Daman & Diu,2019-12,16.56,0,0,0
Delhi,2019-12,156.12,0,0,52
Goa,2019-12,4.78,0,0.05,0.34
Gujarat,2019-12,2763.55,7359.22,62.35,77.3
Haryana,2019-12,249.27,0,73.5,205.66
Himachal Pradesh,2019-12,32.57,0,906.51,7.2
Jammu & Kashmir,2019-12,19.3,0,180.48,0
Jharkhand,2019-12,38.4,0,4.05,4.3
Karnataka,2019-12,7274.93,4753.4,1280.73,1882.8
Kerala,2019-12,141.75,62.5,222.02,0.72
Lakshwadeep,2019-12,0.75,0,0,0
Madhya Pradesh,2019-12,2237.49,2519.89,95.91,120.75
Maharashtra,2019-12,1663.42,5000.33,379.575,2528.69
Manipur,2019-12,4.58,0,5.45,0
Meghalaya,2019-12,0.12,0,32.53,13.8
Mizoram,2019-12,1.52,0,36.47,0
Nagaland,2019-12,1,0,30.67,0
Odisha,2019-12,397.84,0,64.625,59.22
Others,2019-12,45.01,4.3,0,0
Pondicherry,2019-12,5.51,0,0,0
Punjab,2019-12,947.1,0,173.55,327.85
Rajasthan,2019-12,4844.21,4299.72,23.85,121.3
Sikkim,2019-12,0.07,0,52.11,0
Tamil Nadu,2019-12,3788.36,9285.27,123.05,1003.95
Telangana,2019-12,3620.75,128.1,90.87,177.6
Tripura,2019-12,9.41,0,16.01,0
Uttar Pradesh,2019-12,1045.1,0,25.1,2115.51
Uttarakhand,2019-12,315.49,0,214.32,130.5
West Bengal,2019-12,109.41,0,98.5,319.92
Andaman & Nicobar,2020-01,12.19,0,5.25,0
Andhra Pradesh,2020-01,3559.02,4092.45,162.11,500.34
Arunachal Pradesh,2020-01,5.61,0,131.105,0
Assam,2020-01,41.23,0,34.11,2
Bihar,2020-01,151.57,0,70.7,121.2
Chandigarh,2020-01,36.99,0,0,0
Chhatisgarh,2020-01,231.35,0,76,230.5
Dadar & Nagar Haveli,2020-01,5.46,0,0,0
Daman & Diu,2020-01,16.56,0,0,0
Delhi,2020-01,156.12,0,0,52
Goa,2020-01,4.78,0,0.05,0.34
Gujarat,2020-01,2792.45,7460.02,62.35,77.3
Haryana,2020-01,252.14,0,73.5,205.66
Himachal Pradesh,2020-01,32.93,0,911.51,7.2
Jammu & Kashmir,2020-01,19.3,0,180.48,0
Jharkhand,2020-01,38.4,0,4.05,4.3
Karnataka,2020-01,7274.93,4754.9,1280.73,1882.8
Kerala,2020-01,142.23,62.5,222.02,0.72
Lakshwadeep,2020-01,0.75,0,0,0
Madhya Pradesh,2020-01,2257.26,2519.89,95.91,120.75
Maharashtra,2020-01,1666.86,5000.33,379.575,2528.69
Manipur,2020-01,5.16,0,5.45,0
Meghalaya,2020-01,0.12,0,32.53,13.8
Mizoram,2020-01,1.52,0,36.47,0
Nagaland,2020-01,1,0,30.67,0
Odisha,2020-01,397.84,0,64.625,59.22
Others,2020-01,45.01,4.3,0,0
Pondicherry,2020-01,5.51,0,0,0
Punjab,2020-01,947.1,0,173.55,327.85
Rajasthan,2020-01,5035.08,4299.72,23.85,121.3
Sikkim,2020-01,0.07,0,52.11,0
Tamil Nadu,2020-01,3788.51,9285.49,123.05,1003.95
Telangana,2020-01,3620.75,128.1,90.87,177.6
Tripura,2020-01,9.41,0,16.01,0
Uttar Pradesh,2020-01,1095.1,0,25.1,2115.51
Uttarakhand,2020-01,315.9,0,214.32,130.5
West Bengal,2020-01,114.46,0,98.5,319.92
Andaman & Nicobar,2020-02,12.19,0,5.25,0
Andhra Pradesh,2020-02,3559.02,4092.45,162.11,500.34
Arunachal Pradesh,2020-02,5.61,0,131.105,0
Assam,2020-02,41.23,0,34.11,2
Bihar,2020-02,151.57,0,70.7,121.2
Chandigarh,2020-02,36.99,0,0,0
Chhatisgarh,2020-02,231.35,0,76,230.5
Dadar & Nagar Haveli,2020-02,5.46,0,0,0
Daman & Diu,2020-02,17.31,0,0,0
Delhi,2020-02,165.16,0,0,52
Goa,2020-02,4.78,0,0.05,0.34
Gujarat,2020-02,2886.16,7479.02,68.95,77.3
Haryana,2020-02,252.14,0,73.5,205.66
Himachal Pradesh,2020-02,32.93,0,911.51,7.2
Jammu & Kashmir,2020-02,19.3,0,180.48,0
Jharkhand,2020-02,38.4,0,4.05,4.3
Karnataka,2020-02,7277.93,4790.6,1280.73,1882.8
Kerala,2020-02,142.23,62.5,222.02,0.72
Lakshwadeep,2020-02,0.75,0,0,0
Madhya Pradesh,2020-02,2258.46,2519.89,95.91,120.75
Maharashtra,2020-02,1801.8,5000.33,379.575,2528.69
Manipur,2020-02,5.16,0,5.45,0
Meghalaya,2020-02,0.12,0,32.53,13.8
Mizoram,2020-02,1.52,0,36.47,0
Nagaland,2020-02,1,0,30.67,0
Odisha,2020-02,397.84,0,64.625,59.22
Others,2020-02,45.01,4.3,0,0
Pondicherry,2020-02,5.51,0,0,0
Punjab,2020-02,947.1,0,173.55,327.85
Rajasthan,2020-02,5035.08,4299.72,23.85,121.3
Sikkim,2020-02,0.07,0,52.11,0
Tamil Nadu,2020-02,3915.88,9292.34,123.05,1003.95
Telangana,2020-02,3620.75,128.1,90.87,177.6
Tripura,2020-02,9.41,0,16.01,0
Uttar Pradesh,2020-02,1095.1,0,25.1,2115.51
Uttarakhand,2020-02,315.9,0,214.32,130.5
West Bengal,2020-02,114.46,0,98.5,319.92
Andaman & Nicobar,2020-03,12.19,0,5.25,0
Andhra Pradesh,2020-03,3610.02,4092.45,162.11,500.34
Arunachal Pradesh,2020-03,5.61,0,131.105,0
Assam,2020-03,41.23,0,34.11,2
Bihar,2020-03,151.57,0,70.7,121.2
Chandigarh,2020-03,40.55,0,0,0
Chhatisgarh,2020-03,231.35,0,76,244.5
Dadar & Nagar Haveli,2020-03,5.46,0,0,0
Daman & Diu,2020-03,19.86,0,0,0
Delhi,2020-03,165.16,0,0,52
Goa,2020-03,4.78,0,0.05,0.34
Gujarat,2020-03,2948.37,7491.52,68.95,77.3
Haryana,2020-03,252.14,0,73.5,205.66
Himachal Pradesh,2020-03,32.93,0,911.51,7.2
Jammu & Kashmir,2020-03,19.3,0,180.48,0
Jharkhand,2020-03,38.4,0,4.05,4.3
Karnataka,2020-03,7277.93,4790.6,1280.73,1882.8
Kerala,2020-03,142.23,62.5,222.02,0.72
Lakshwadeep,2020-03,0.75,0,0,0
Madhya Pradesh,2020-03,2258.46,2519.89,95.91,120.75
Maharashtra,2020-03,1801.8,5000.33,379.575,2528.69
Manipur,2020-03,5.16,0,5.45,0
Meghalaya,2020-03,0.12,0,32.53,13.8
Mizoram,2020-03,1.52,0,36.47,0
Nagaland,2020-03,1,0,30.67,0
Odisha,2020-03,397.84,0,64.625,59.22
Others,2020-03,45.01,4.3,0,0
Pondicherry,2020-03,5.51,0,0,0
Punjab,2020-03,947.1,0,173.55,327.85
Rajasthan,2020-03,5137.91,4299.72,23.85,121.3
Sikkim,2020-03,0.07,0,52.11,0
Tamil Nadu,2020-03,3915.88,9304.34,123.05,1003.95
Telangana,2020-03,3620.75,128.1,90.87,185.1
Tripura,2020-03,9.41,0,16.01,0
Uttar Pradesh,2020-03,1095.1,0,25.1,2115.51
Uttarakhand,2020-03,315.9,0,214.32,130.5
West Bengal,2020-03,114.46,0,98.5,319.92
Andaman & Nicobar,2020-04,12.19,0,5.25,0
Andhra Pradesh,2020-04,3614.395,4092.45,162.11,500.34
Arunachal Pradesh,2020-04,5.61,0,131.105,0
Assam,2020-04,41.23,0,34.11,2
Bihar,2020-04,151.57,0,70.7,121.2
Chandigarh,2020-04,40.725,0,0,0
Chhatisgarh,2020-04,231.35,0,76,244.5
Dadar & Nagar Haveli,2020-04,5.46,0,0,0
Daman & Diu,2020-04,19.86,0,0,0
Delhi,2020-04,165.16,0,0,52
Goa,2020-04,4.78,0,0.05,0.34
Gujarat,2020-04,2971.17,7520.72,68.95,77.3
Haryana,2020-04,252.14,0,73.5,206.26
Himachal Pradesh,2020-04,33.415,0,911.51,7.2
Jammu & Kashmir,2020-04,19.3,0,180.48,0
Jharkhand,2020-04,38.655,0,4.05,4.3
Karnataka,2020-04,7277.93,4792.7,1280.73,1885.3
Kerala,2020-04,143.455,62.5,222.02,0.72
Lakshwadeep,2020-04,0.75,0,0,0
Madhya Pradesh,2020-04,2281.65,2519.89,95.91,120.75
Maharashtra,2020-04,1829.72,5000.33,379.575,2528.69
Manipur,2020-04,5.38,0,5.45,0
Meghalaya,2020-04,0.12,0,32.53,13.8
Mizoram,2020-04,1.52,0,36.47,0
Nagaland,2020-04,1,0,30.67,0
Odisha,2020-04,397.89,0,64.625,59.22
Others,2020-04,45.01,4.3,0,0
Pondicherry,2020-04,6.355,0,0,0
Punjab,2020-04,947.1,0,173.55,327.85
Rajasthan,2020-04,5168.71,4299.72,23.85,121.3
Sikkim,2020-04,0.07,0,52.11,0
Tamil Nadu,2020-04,3915.885,9304.34,123.05,1003.95
Telangana,2020-04,3650.63,128.1,90.87,185.1
Tripura,2020-04,9.41,0,16.01,0
Uttar Pradesh,2020-04,1095.1,0,25.1,2115.51
Uttarakhand,2020-04,316.4,0,214.32,130.5
West Bengal,2020-04,115.505,0,98.5,319.92
Andaman & Nicobar,2020-05,12.19,0,5.25,0
Andhra Pradesh,2020-05,3618.77,4092.45,162.11,500.34
Arunachal Pradesh,2020-05,5.61,0,131.105,0
Assam,2020-05,41.23,0,34.11,2
Bihar,2020-05,151.57,0,70.7,121.2
Chandigarh,2020-05,40.9,0,0,0
Chhatisgarh,2020-05,231.35,0,76,244.5
Dadar & Nagar Haveli,2020-05,5.46,0,0,0
Daman & Diu,2020-05,19.86,0,0,0
Delhi,2020-05,165.16,0,0,52
Goa,2020-05,4.78,0,0.05,0.34
Gujarat,2020-05,2993.97,7549.92,68.95,77.3
Haryana,2020-05,252.14,0,73.5,206.86
Himachal Pradesh,2020-05,33.9,0,911.51,7.2
Jammu & Kashmir,2020-05,19.3,0,180.48,0
Jharkhand,2020-05,38.91,0,4.05,4.3
Karnataka,2020-05,7277.93,4794.8,1280.73,1887.8
Kerala,2020-05,144.68,62.5,222.02,0.72
Lakshwadeep,2020-05,0.75,0,0,0
Madhya Pradesh,2020-05,2304.84,2519.89,95.91,120.75
Maharashtra,2020-05,1857.64,5000.33,379.575,2528.69
Manipur,2020-05,5.6,0,5.45,0
Meghalaya,2020-05,0.12,0,32.53,13.8
Mizoram,2020-05,1.52,0,36.47,0
Nagaland,2020-05,1,0,30.67,0
Odisha,2020-05,397.94,0,64.625,59.22
Others,2020-05,45.01,4.3,0,0
Pondicherry,2020-05,7.2,0,0,0
Punjab,2020-05,947.1,0,173.55,327.85
Rajasthan,2020-05,5199.51,4299.72,23.85,121.3
Sikkim,2020-05,0.07,0,52.11,0
Tamil Nadu,2020-05,3915.89,9304.34,123.05,1003.95
Telangana,2020-05,3680.51,128.1,90.87,185.1
Tripura,2020-05,9.41,0,16.01,0
Uttar Pradesh,2020-05,1095.1,0,25.1,2115.51
Uttarakhand,2020-05,316.9,0,214.32,130.5
West Bengal,2020-05,116.55,0,98.5,319.92
Andaman & Nicobar,2020-06,12.19,0,5.25,0
Andhra Pradesh,2020-06,3618.77,4092.45,162.11,500.34
Arunachal Pradesh,2020-06,5.61,0,131.105,0
Assam,2020-06,41.23,0,34.11,2
Bihar,2020-06,153.35,0,70.7,121.2
Chandigarh,2020-06,41.55,0,0,0
Chhatisgarh,2020-06,231.35,0,76,244.5
Dadar & Nagar Haveli,2020-06,5.46,0,0,0
Daman & Diu,2020-06,19.86,0,0,0
Delhi,2020-06,165.16,0,0,52
Goa,2020-06,4.78,0,0.05,0.34
Gujarat,2020-06,3053.69,7623.12,68.95,77.3
Haryana,2020-06,252.62,0,73.5,206.86
Himachal Pradesh,2020-06,40.14,0,911.51,7.2
Jammu & Kashmir,2020-06,19.44,0,185.48,0
Jharkhand,2020-06,39.04,0,4.05,4.3
Karnataka,2020-06,7277.93,4794.8,1280.73,1887.8
Kerala,2020-06,146.62,62.5,222.02,0.72
Lakshwadeep,2020-06,0.75,0,0,0
Madhya Pradesh,2020-06,2311.8,2519.89,95.91,120.75
Maharashtra,2020-06,1869.97,5000.33,379.575,2528.69
Manipur,2020-06,6.35,0,5.45,0
Meghalaya,2020-06,0.12,0,32.53,13.8
Mizoram,2020-06,1.52,0,36.47,0
Nagaland,2020-06,1,0,30.67,0
Odisha,2020-06,398.94,0,64.625,59.22
Others,2020-06,45.01,4.3,0,0
Pondicherry,2020-06,7.2,0,0,0
Punjab,2020-06,947.1,0,173.55,327.85
Rajasthan,2020-06,5222.86,4299.72,23.85,121.3
Sikkim,2020-06,0.07,0,52.11,0
Tamil Nadu,2020-06,3918.1,9304.34,123.05,1003.95
Telangana,2020-06,3689.36,128.1,90.87,185.1
Tripura,2020-06,9.41,0,16.01,0
Uttar Pradesh,2020-06,1174.1,0,25.1,2115.51
Uttarakhand,2020-06,317.83,0,214.32,130.5
West Bengal,2020-06,117.06,0,98.5,319.92
Andaman & Nicobar,2020-07,20.705,0,5.25,0
Andhra Pradesh,2020-07,3618.77,4092.45,162.11,503.585
Arunachal Pradesh,2020-07,5.61,0,131.105,0
Assam,2020-07,41.23,0,34.11,2
Bihar,2020-07,153.35,0,70.7,122.95
Chandigarh,2020-07,42.245,0,0,0
Chhatisgarh,2020-07,231.35,0,76,244.7
Dadar & Nagar Haveli,2020-07,5.46,0,0,0
Daman & Diu,2020-07,23.32,0,0,0
Delhi,2020-07,170.045,0,0,52
Goa,2020-07,4.78,0,0.05,0.34
Gujarat,2020-07,3124.46,7697.62,68.95,77.3
Haryana,2020-07,252.62,0,73.5,209.36
Himachal Pradesh,2020-07,40.14,0,911.51,8.2
Jammu & Kashmir,2020-07,19.44,0,185.48,0
Jharkhand,2020-07,39.05,0,4.05,4.3
Karnataka,2020-07,7287.93,4794.8,1280.73,1888.05
Kerala,2020-07,146.62,62.5,222.02,1.495
Lakshwadeep,2020-07,0.75,0,0,0
Madhya Pradesh,2020-07,2319.3,2519.89,97.81,121.75
Maharashtra,2020-07,1869.97,5000.33,379.5775,2562.84
Manipur,2020-07,6.35,0,5.45,0
Meghalaya,2020-07,0.12,0,32.53,13.8
Mizoram,2020-07,1.52,0,36.47,0
Nagaland,2020-07,1,0,30.67,0
Odisha,2020-07,398.94,0,76.6275,59.22
Others,2020-07,45.01,4.3,0,0
Pondicherry,2020-07,7.35,0,0,0
Punjab,2020-07,947.1,0,173.55,406.025
Rajasthan,2020-07,5266.82,4299.72,23.85,121.275
Sikkim,2020-07,0.07,0,52.11,0
Tamil Nadu,2020-07,4048.755,9314.84,123.05,1011.5
Telangana,2020-07,3707.27,128.1,90.87,195.5
Tripura,2020-07,9.41,0,16.01,0
Uttar Pradesh,2020-07,1179.1,0,37.1,2116.385
Uttarakhand,2020-07,317.83,0,214.32,130.36
West Bengal,2020-07,122.06,0,98.5,319.92
Andaman & Nicobar,2020-08,29.22,0,5.25,0
Andhra Pradesh,2020-08,3618.77,4092.45,162.11,506.83
Arunachal Pradesh,2020-08,5.61,0,131.105,0
Assam,2020-08,41.23,0,34.11,2
Bihar,2020-08,153.35,0,70.7,124.7
Chandigarh,2020-08,42.94,0,0,0
Chhatisgarh,2020-08,231.35,0,76,244.9
Dadar & Nagar Haveli,2020-08,5.46,0,0,0
Daman & Diu,2020-08,26.78,0,0,0
Delhi,2020-08,174.93,0,0,52
Goa,2020-08,4.78,0,0.05,0.34
Gujarat,2020-08,3195.23,7772.12,68.95,77.3
Haryana,2020-08,252.62,0,73.5,211.86
Himachal Pradesh,2020-08,40.14,0,911.51,9.2
Jammu & Kashmir,2020-08,19.44,0,185.48,0
Jharkhand,2020-08,39.06,0,4.05,4.3
Karnataka,2020-08,7297.93,4794.8,1280.73,1888.3
Kerala,2020-08,146.62,62.5,222.02,2.27
Lakshwadeep,2020-08,0.75,0,0,0
Madhya Pradesh,2020-08,2326.8,2519.89,99.71,122.75
Maharashtra,2020-08,1869.97,5000.33,379.58,2596.99
Manipur,2020-08,6.35,0,5.45,0
Meghalaya,2020-08,0.12,0,32.53,13.8
Mizoram,2020-08,1.52,0,36.47,0
Nagaland,2020-08,1,0,30.67,0
Odisha,2020-08,398.94,0,88.63,59.22
Others,2020-08,45.01,4.3,0,0
Pondicherry,2020-08,7.5,0,0,0
Punjab,2020-08,947.1,0,173.55,484.2
Rajasthan,2020-08,5310.78,4299.72,23.85,121.25
Sikkim,2020-08,0.07,0,52.11,0
Tamil Nadu,2020-08,4179.41,9325.34,123.05,1019.05
Telangana,2020-08,3725.18,128.1,90.87,205.9
Tripura,2020-08,9.41,0,16.01,0
Uttar Pradesh,2020-08,1184.1,0,49.1,2117.26
Uttarakhand,2020-08,317.83,0,214.32,130.22
West Bengal,2020-08,127.06,0,98.5,319.92
Andaman & Nicobar,2020-09,29.22,0,5.25,0
Andhra Pradesh,2020-09,3629.63,4092.45,162.11,506.83
Arunachal Pradesh,2020-09,5.61,0,131.105,0
Assam,2020-09,42.35,0,34.11,2
Bihar,2020-09,153.35,0,70.7,124.7
Chandigarh,2020-09,42.94,0,0,0
Chhatisgarh,2020-09,238.56,0,76,244.9
Dadar & Nagar Haveli,2020-09,5.46,0,0,0
Daman & Diu,2020-09,32.47,0,0,0
Delhi,2020-09,176.46,0,0,52
Goa,2020-09,4.78,0,0.05,0.34
Gujarat,2020-09,3272.94,7844.72,68.95,77.3
Haryana,2020-09,253.15,0,73.5,211.86
Himachal Pradesh,2020-09,41.11,0,911.51,9.2
Jammu & Kashmir,2020-09,19.44,0,185.48,0
Jharkhand,2020-09,39.06,0,4.05,4.3
Karnataka,2020-09,7297.93,4794.8,1280.73,1888.3
Kerala,2020-09,146.84,62.5,222.02,2.27
Lakshwadeep,2020-09,0.75,0,0,0
Madhya Pradesh,2020-09,2331.42,2519.89,99.71,122.75
Maharashtra,2020-09,1874.74,5000.33,379.58,2596.99
Manipur,2020-09,6.36,0,5.45,0
Meghalaya,2020-09,0.12,0,32.53,13.8
Mizoram,2020-09,1.53,0,36.47,0
Nagaland,2020-09,1,0,30.67,0
Odisha,2020-09,399.05,0,88.63,59.22
Others,2020-09,45.01,4.3,0,0
Pondicherry,2020-09,7.5,0,0,0
Punjab,2020-09,947.1,0,173.55,484.2
Rajasthan,2020-09,5353.24,4299.72,23.85,121.25
Sikkim,2020-09,0.07,0,52.11,0
Tamil Nadu,2020-09,4221.36,9377.34,123.05,1019.05
Telangana,2020-09,3825.18,128.1,90.87,205.9
Tripura,2020-09,9.41,0,16.01,0
Uttar Pradesh,2020-09,1184.1,0,49.1,2117.26
Uttarakhand,2020-09,317.96,0,214.32,130.22
West Bengal,2020-09,138.55,0,98.5,319.92
Andaman & Nicobar,2020-10,29.22,0,5.25,0
Andhra Pradesh,2020-10,3634.63,4092.45,162.11,506.83
Arunachal Pradesh,2020-10,5.61,0,131.105,0
Assam,2020-10,42.35,0,34.11,2
Bihar,2020-10,153.35,0,70.7,124.7
Chandigarh,2020-10,42.94,0,0,0
Chhatisgarh,2020-10,239.9,0,76,244.9
Dadar & Nagar Haveli,2020-10,5.46,0,0,0
Daman & Diu,2020-10,34.37,0,0,0
Delhi,2020-10,176.46,0,0,52
Goa,2020-10,4.78,0,0.05,0.34
Gujarat,2020-10,3400.01,7925.52,68.95,77.3
Haryana,2020-10,253.15,0,73.5,211.86
Himachal Pradesh,2020-10,42.36,0,911.51,9.2
Jammu & Kashmir,2020-10,19.44,0,185.98,0
Jharkhand,2020-10,39.06,0,4.05,4.3
Karnataka,2020-10,7297.93,4794.8,1280.73,1888.3
Kerala,2020-10,146.84,62.5,222.02,2.27
Lakshwadeep,2020-10,0.75,0,0,0
Madhya Pradesh,2020-10,2422.67,2519.89,99.71,122.75
Maharashtra,2020-10,1894.74,5000.33,379.58,2596.99
Manipur,2020-10,6.36,0,5.45,0
Meghalaya,2020-10,0.12,0,32.53,13.8
Mizoram,2020-10,1.53,0,36.47,0
Nagaland,2020-10,1,0,30.67,0
Odisha,2020-10,399.05,0,88.63,59.22
Others,2020-10,45.01,4.3,0,0
Pondicherry,2020-10,7.54,0,0,0
Punjab,2020-10,947.1,0,173.55,484.2
Rajasthan,2020-10,5362.22,4326.82,23.85,121.25
Sikkim,2020-10,0.07,0,52.11,0
Tamil Nadu,2020-10,4221.36,9408.34,123.05,1019.05
Telangana,2020-10,3825.18,128.1,90.87,205.9
Tripura,2020-10,9.41,0,16.01,0
Uttar Pradesh,2020-10,1184.1,0,49.1,2117.26
Uttarakhand,2020-10,317.96,0,214.32,130.22
West Bengal,2020-10,148.55,0,98.5,319.92
Andaman & Nicobar,2020-11,29.22,0,5.25,0
Andhra Pradesh,2020-11,3744.13,4092.45,162.11,506.83
Arunachal Pradesh,2020-11,5.61,0,131.105,0
Assam,2020-11,42.73,0,34.11,2
Bihar,2020-11,153.35,0,70.7,124.7
Chandigarh,2020-11,42.94,0,0,0
Chhatisgarh,2020-11,239.9,0,76,244.9
Dadar & Nagar Haveli,2020-11,5.46,0,0,0
Daman & Diu,2020-11,34.37,0,0,0
Delhi,2020-11,176.46,0,0,52
Goa,2020-11,4.78,0,0.05,0.34
Gujarat,2020-11,3638.21,8042.02,68.95,77.3
Haryana,2020-11,261.08,0,73.5,211.86
Himachal Pradesh,2020-11,42.63,0,911.51,9.2
Jammu & Kashmir,2020-11,19.8,0,185.98,0
Jharkhand,2020-11,39.06,0,4.05,4.3
Karnataka,2020-11,7315.87,4830.8,1280.73,1888.3
Kerala,2020-11,146.87,62.5,222.02,2.27
Lakshwadeep,2020-11,0.75,0,0,0
Madhya Pradesh,2020-11,2438.43,2519.89,99.71,122.75
Maharashtra,2020-11,1894.74,5000.33,379.58,2596.99
Manipur,2020-11,6.36,0,5.45,0
Meghalaya,2020-11,0.12,0,32.53,13.8
Mizoram,2020-11,1.53,0,36.47,0
Nagaland,2020-11,1,0,30.67,0
Odisha,2020-11,399.47,0,88.63,59.22
Others,2020-11,45.01,4.3,0,0
Pondicherry,2020-11,7.54,0,0,0
Punjab,2020-11,947.1,0,173.55,484.2
Rajasthan,2020-11,5383.68,4326.82,23.85,121.25
Sikkim,2020-11,0.07,0,52.11,0
Tamil Nadu,2020-11,4258.63,9426.34,123.05,1019.05
Telangana,2020-11,3932.9,128.1,90.87,205.9
Tripura,2020-11,9.41,0,16.01,0
Uttar Pradesh,2020-11,1216.6,0,49.1,2117.26
Uttarakhand,2020-11,319.92,0,214.32,130.22
West Bengal,2020-11,149.81,0,98.5,319.92
Andaman & Nicobar,2020-12,29.22,0,5.25,0
Andhra Pradesh,2020-12,3844.17,4092.45,162.11,506.83
Arunachal Pradesh,2020-12,5.61,0,131.105,0
Assam,2020-12,42.99,0,34.11,2
Bihar,2020-12,157.41,0,70.7,124.7
Chandigarh,2020-12,45.16,0,0,0
Chhatisgarh,2020-12,240,0,76,244.9
Dadar & Nagar Haveli,2020-12,5.46,0,0,0
Daman & Diu,2020-12,39.97,0,0,0
Delhi,2020-12,176.46,0,0,52
Goa,2020-12,4.78,0,0.05,0.34
Gujarat,2020-12,3918.48,8192.52,78.94,77.3
Haryana,2020-12,262.42,0,73.5,211.86
Himachal Pradesh,2020-12,42.73,0,911.51,9.2
Jammu & Kashmir,2020-12,20.73,0,185.98,0
Jharkhand,2020-12,39.06,0,4.05,4.3
Karnataka,2020-12,7328.87,4868.8,1280.73,1888.3
Kerala,2020-12,146.92,62.5,222.02,2.27
Lakshwadeep,2020-12,0.75,0,0,0
Madhya Pradesh,2020-12,2440.15,2519.89,99.71,122.75
Maharashtra,2020-12,1895.82,5000.33,379.58,2596.99
Manipur,2020-12,6.36,0,5.45,0
Meghalaya,2020-12,0.12,0,32.53,13.8
Mizoram,2020-12,1.53,0,36.47,0
Nagaland,2020-12,1,0,30.67,0
Odisha,2020-12,399.6,0,88.63,59.22
Others,2020-12,45.01,4.3,0,0
Pondicherry,2020-12,7.54,0,0,0
Punjab,2020-12,947.1,0,173.55,484.2
Rajasthan,2020-12,5389.48,4326.82,23.85,121.25
Sikkim,2020-12,0.07,0,52.11,0
Tamil Nadu,2020-12,4315.78,9428.44,123.05,1019.05
Telangana,2020-12,3936.36,128.1,90.87,205.9
Tripura,2020-12,9.41,0,16.01,0
Uttar Pradesh,2020-12,1292.85,0,49.1,2117.26
Uttarakhand,2020-12,320.44,0,214.32,130.22
West Bengal,2020-12,149.84,0,98.5,319.92
Andaman & Nicobar,2021-01,29.22,0,5.25,0
Andhra Pradesh,2021-01,3996.5,4096.65,162.11,506.83
Arunachal Pradesh,2021-01,5.61,0,131.105,0
Assam,2021-01,42.99,0,34.11,2
Bihar,2021-01,157.41,0,70.7,124.7
Chandigarh,2021-01,45.16,0,0,0
Chhatisgarh,2021-01,243.11,0,76,244.9
Dadar & Nagar Haveli,2021-01,5.46,0,0,0
Daman & Diu,2021-01,40.55,0,0,0
Delhi,2021-01,176.46,0,0,52
Goa,2021-01,7.44,0,0.05,0.34
Gujarat,2021-01,4042.09,8244.52,78.94,77.3
Haryana,2021-01,407.83,0,73.5,211.86
Himachal Pradesh,2021-01,42.73,0,911.51,9.2
Jammu & Kashmir,2021-01,20.73,0,185.98,0
Jharkhand,2021-01,48.63,0,4.05,4.3
Karnataka,2021-01,7346.85,4872.1,1280.73,1888.3
Kerala,2021-01,189.75,62.5,230.02,2.27
Lakshwadeep,2021-01,0.75,0,0,0
Madhya Pradesh,2021-01,2458.22,2519.89,99.71,122.75
Maharashtra,2021-01,2289.97,5000.33,379.58,2596.99
Manipur,2021-01,6.36,0,5.45,0
Meghalaya,2021-01,0.12,0,32.53,13.8
Mizoram,2021-01,1.53,0,36.47,0
Nagaland,2021-01,1,0,30.67,0
Odisha,2021-01,401.72,0,88.63,59.22
Others,2021-01,45.01,4.3,0,0
Pondicherry,2021-01,9.33,0,0,0
Punjab,2021-01,947.1,0,173.55,484.2
Rajasthan,2021-01,5397.08,4326.82,23.85,121.25
Sikkim,2021-01,0.07,0,52.11,0
Tamil Nadu,2021-01,4315.78,9428.44,123.05,1019.05
Telangana,2021-01,3936.36,128.1,90.87,205.9
Tripura,2021-01,9.41,0,16.01,0
Uttar Pradesh,2021-01,1667.5,0,49.1,2117.26
Uttarakhand,2021-01,353.41,0,214.32,130.22
West Bengal,2021-01,149.84,0,98.5,319.92
Andaman & Nicobar,2021-02,29.22,0,5.25,0
Andhra Pradesh,2021-02,3996.5,4096.65,162.11,506.83
Arunachal Pradesh,2021-02,5.61,0,131.105,0
Assam,2021-02,42.99,0,34.11,2
Bihar,2021-02,159.51,0,70.7,124.7
Chandigarh,2021-02,45.16,0,0,0
Chhatisgarh,2021-02,252.48,0,76,244.9
Dadar & Nagar Haveli,2021-02,5.46,0,0,0
Daman & Diu,2021-02,40.55,0,0,0
Delhi,2021-02,192.97,0,0,52
Goa,2021-02,7.44,0,0.05,0.34
Gujarat,2021-02,4068.3,8306.42,78.94,77.3
Haryana,2021-02,407.83,0,73.5,211.86
Himachal Pradesh,2021-02,42.73,0,936.11,9.2
Jammu & Kashmir,2021-02,20.73,0,185.98,0
Jharkhand,2021-02,48.63,0,4.05,4.3
Karnataka,2021-02,7346.85,4912.6,1280.73,1888.3
Kerala,2021-02,257,62.5,230.02,2.27
Lakshwadeep,2021-02,0.75,0,0,0
Madhya Pradesh,2021-02,2463.22,2519.89,99.71,122.75
Maharashtra,2021-02,2289.97,5000.33,379.58,2596.99
Manipur,2021-02,6.36,0,5.45,0
Meghalaya,2021-02,0.12,0,32.53,13.8
Mizoram,2021-02,1.53,0,36.47,0
Nagaland,2021-02,1,0,30.67,0
Odisha,2021-02,401.72,0,88.63,59.22
Others,2021-02,45.01,4.3,0,0
Pondicherry,2021-02,9.33,0,0,0
Punjab,2021-02,947.1,0,173.55,484.2
Rajasthan,2021-02,5472.58,4326.82,23.85,121.25
Sikkim,2021-02,0.07,0,52.11,0
Tamil Nadu,2021-02,4403.48,9431.54,123.05,1019.05
Telangana,2021-02,3936.36,128.1,90.87,205.9
Tripura,2021-02,9.41,0,16.01,0
Uttar Pradesh,2021-02,1667.5,0,49.1,2117.26
Uttarakhand,2021-02,353.41,0,214.32,130.22
West Bengal,2021-02,149.84,0,98.5,319.92
Andaman & Nicobar,2021-03,29.22,0,5.25,0
Andhra Pradesh,2021-03,4203,4096.65,162.11,506.83
Arunachal Pradesh,2021-03,5.61,0,131.105,0
Assam,2021-03,42.99,0,34.11,2
Bihar,2021-03,159.51,0,70.7,124.7
Chandigarh,2021-03,45.16,0,0,0
Chhatisgarh,2021-03,252.48,0,76,244.9
Dadar & Nagar Haveli,2021-03,5.46,0,0,0
Daman & Diu,2021-03,40.55,0,0,0
Delhi,2021-03,192.97,0,0,52
Goa,2021-03,7.44,0,0.05,0.34
Gujarat,2021-03,4430.82,8561.82,82.69,77.3
Haryana,2021-03,407.83,0,73.5,211.86
Himachal Pradesh,2021-03,42.73,0,936.11,9.2
Jammu & Kashmir,2021-03,20.73,0,185.98,0
Jharkhand,2021-03,52.06,0,4.05,4.3
Karnataka,2021-03,7355.17,4938.6,1280.73,1888.3
Kerala,2021-03,257,62.5,230.02,2.27
Lakshwadeep,2021-03,0.75,0,0,0
Madhya Pradesh,2021-03,2463.22,2519.89,99.71,122.75
Maharashtra,2021-03,2289.97,5000.33,379.58,2596.99
Manipur,2021-03,6.36,0,5.45,0
Meghalaya,2021-03,0.12,0,32.53,13.8
Mizoram,2021-03,1.53,0,36.47,0
Nagaland,2021-03,1,0,30.67,0
Odisha,2021-03,401.72,0,88.63,59.22
Others,2021-03,45.01,4.3,0,0
Pondicherry,2021-03,9.33,0,0,0
Punjab,2021-03,959.5,0,173.55,484.2
Rajasthan,2021-03,5732.58,4326.82,23.85,121.25
Sikkim,2021-03,0.07,0,52.11,0
Tamil Nadu,2021-03,4475.21,9608.04,123.05,1019.05
Telangana,2021-03,3953.12,128.1,90.87,205.9
Tripura,2021-03,9.41,0,16.01,0
Uttar Pradesh,2021-03,1712.5,0,49.1,2117.26
Uttarakhand,2021-03,368.41,0,214.32,130.22
West Bengal,2021-03,149.84,0,98.5,319.92
Andaman & Nicobar,2021-04,29.22,0,5.25,0
Andhra Pradesh,2021-04,4205.195,4096.65,162.11,506.83
Arunachal Pradesh,2021-04,5.61,0,131.105,0
Assam,2021-04,51.07,0,34.11,2
Bihar,2021-04,164.495,0,70.7,124.7
Chandigarh,2021-04,47.265,0,0,0
Chhatisgarh,2021-04,252.48,0,76,257.4
Dadar & Nagar Haveli,2021-04,5.46,0,0,0
Daman & Diu,2021-04,40.605,0,0,0
Delhi,2021-04,192.97,0,0,52
Goa,2021-04,7.44,0,0.05,0.34
Gujarat,2021-04,4637.065,8643.92,82.69,77.3
Haryana,2021-04,407.83,0,73.5,211.86
Himachal Pradesh,2021-04,43.01,0,936.11,9.2
Jammu & Kashmir,2021-04,22.89,0,185.98,0
Jharkhand,2021-04,52.06,0,4.05,4.3
Karnataka,2021-04,7382.28,4938.6,1280.73,1888.3
Kerala,2021-04,257,62.5,230.02,2.27
Lakshwadeep,2021-04,0.75,0,0,0
Madhya Pradesh,2021-04,2482.505,2519.89,99.71,122.75
Maharashtra,2021-04,2291.97,5005.58,379.58,2596.99
Manipur,2021-04,6.36,0,5.45,0
Meghalaya,2021-04,0.12,0,32.53,13.8
Mizoram,2021-04,1.53,0,36.47,0
Nagaland,2021-04,1,0,30.67,0
Odisha,2021-04,401.72,0,88.63,59.22
Others,2021-04,45.01,4.3,0,0
Pondicherry,2021-04,9.33,0,0,0
Punjab,2021-04,959.5,0,173.55,484.2
Rajasthan,2021-04,5902.58,4326.82,23.85,121.25
Sikkim,2021-04,0.07,0,52.11,0
Tamil Nadu,2021-04,4475.21,9618.29,123.05,1019.05
Telangana,2021-04,3956.625,128.1,90.87,205.9
Tripura,2021-04,9.41,0,16.01,0
Uttar Pradesh,2021-04,1765.625,0,49.1,2117.26
Uttarakhand,2021-04,368.41,0,214.32,130.22
West Bengal,2021-04,149.84,0,98.5,319.92
Andaman & Nicobar,2021-05,29.22,0,5.25,0
Andhra Pradesh,2021-05,4207.39,4096.65,162.11,506.83
Arunachal Pradesh,2021-05,5.61,0,131.105,0
Assam,2021-05,59.15,0,34.11,2
Bihar,2021-05,169.48,0,70.7,124.7
Chandigarh,2021-05,49.37,0,0,0
Chhatisgarh,2021-05,252.48,0,76,269.9
Dadar & Nagar Haveli,2021-05,5.46,0,0,0
Daman & Diu,2021-05,40.66,0,0,0
Delhi,2021-05,192.97,0,0,52
Goa,2021-05,7.44,0,0.05,0.34
Gujarat,2021-05,4843.31,8726.02,82.69,77.3
Haryana,2021-05,407.83,0,73.5,211.86
Himachal Pradesh,2021-05,43.29,0,936.11,9.2
Jammu & Kashmir,2021-05,25.05,0,185.98,0
Jharkhand,2021-05,52.06,0,4.05,4.3
Karnataka,2021-05,7409.39,4938.6,1280.73,1888.3
Kerala,2021-05,257,62.5,230.02,2.27
Lakshwadeep,2021-05,0.75,0,0,0
Madhya Pradesh,2021-05,2501.79,2519.89,99.71,122.75
Maharashtra,2021-05,2293.97,5010.83,379.58,2596.99
Manipur,2021-05,6.36,0,5.45,0
Meghalaya,2021-05,0.12,0,32.53,13.8
Mizoram,2021-05,1.53,0,36.47,0
Nagaland,2021-05,1,0,30.67,0
Odisha,2021-05,401.72,0,88.63,59.22
Others,2021-05,45.01,4.3,0,0
Pondicherry,2021-05,9.33,0,0,0
Punjab,2021-05,959.5,0,173.55,484.2
Rajasthan,2021-05,6072.58,4326.82,23.85,121.25
Sikkim,2021-05,0.07,0,52.11,0
Tamil Nadu,2021-05,4475.21,9628.54,123.05,1019.05
Telangana,2021-05,3960.13,128.1,90.87,205.9
Tripura,2021-05,9.41,0,16.01,0
Uttar Pradesh,2021-05,1818.75,0,49.1,2117.26
Uttarakhand,2021-05,368.41,0,214.32,130.22
West Bengal,2021-05,149.84,0,98.5,319.92
Andaman & Nicobar,2021-06,29.355,0,5.25,0
Andhra Pradesh,2021-06,4277.5,4096.65,162.11,521.435
Arunachal Pradesh,2021-06,8.39,0,131.105,0
Assam,2021-06,63.765,0,34.11,2
Bihar,2021-06,179.97,0,70.7,125.2
Chandigarh,2021-06,49.88,0,0,0
Chhatisgarh,2021-06,376.625,0,76,270.105
Dadar & Nagar Haveli,2021-06,5.46,0,0,0
Daman & Diu,2021-06,40.69,0,0,0
Delhi,2021-06,193.7,0,0,52
Goa,2021-06,7.5,0,0.05,0.34
Gujarat,2021-06,5031.485,8754.07,82.69,88.585
Haryana,2021-06,533.09,0,73.5,214.305
Himachal Pradesh,2021-06,49.925,0,936.11,9.7
Jammu & Kashmir,2021-06,37.575,0,185.98,0
Jharkhand,2021-06,63.165,0,4.05,4.3
Karnataka,2021-06,7430.7,4938.6,1280.73,1895.11
Kerala,2021-06,275.035,62.5,233.02,2.385
Lakshwadeep,2021-06,2.01,0,0,0
Madhya Pradesh,2021-06,2564.745,2519.89,99.71,125.205
Maharashtra,2021-06,2361.37,5011.83,380.08,2614.57
Manipur,2021-06,9.165,0,5.45,0
Meghalaya,2021-06,2.065,0,32.53,13.8
Mizoram,2021-06,4.66,0,36.47,0
Nagaland,2021-06,2.005,0,30.67,0
Odisha,2021-06,414.235,0,88.63,59.22
Others,2021-06,45.01,4.3,0,0
Pondicherry,2021-06,9.42,0,0,0
Punjab,2021-06,980.915,0,173.95,487.925
Rajasthan,2021-06,6496.49,4326.82,23.85,123.165
Sikkim,2021-06,1.005,0,52.11,0
Tamil Nadu,2021-06,4534.77,9672.79,123.05,1029.48
Telangana,2021-06,3966.635,128.1,90.87,208.19
Tripura,2021-06,12.015,0,16.01,0
Uttar Pradesh,2021-06,1918.975,0,49.1,2146.995
Uttarakhand,2021-06,400.83,0,214.32,134.83
West Bengal,2021-06,156.25,0,98.5,320.505
Andaman & Nicobar,2021-07,29.49,0,5.25,0
Andhra Pradesh,2021-07,4347.61,4096.65,162.11,536.04
Arunachal Pradesh,2021-07,11.17,0,131.105,0
Assam,2021-07,68.38,0,34.11,2
Bihar,2021-07,190.46,0,70.7,125.7
Chandigarh,2021-07,50.39,0,0,0
Chhatisgarh,2021-07,500.77,0,76,270.31
Dadar & Nagar Haveli,2021-07,5.46,0,0,0
Daman & Diu,2021-07,40.72,0,0,0
Delhi,2021-07,194.43,0,0,52
Goa,2021-07,7.56,0,0.05,0.34
Gujarat,2021-07,5219.66,8782.12,82.69,99.87
Haryana,2021-07,658.35,0,73.5,216.75
Himachal Pradesh,2021-07,56.56,0,936.11,10.2
Jammu & Kashmir,2021-07,50.1,0,185.98,0
Jharkhand,2021-07,74.27,0,4.05,4.3
Karnataka,2021-07,7452.01,4938.6,1280.73,1901.92
Kerala,2021-07,293.07,62.5,236.02,2.5
Lakshwadeep,2021-07,3.27,0,0,0
Madhya Pradesh,2021-07,2627.7,2519.89,99.71,127.66
Maharashtra,2021-07,2428.77,5012.83,380.58,2632.15
Manipur,2021-07,11.97,0,5.45,0
Meghalaya,2021-07,4.01,0,32.53,13.8
Mizoram,2021-07,7.79,0,36.47,0
Nagaland,2021-07,3.01,0,30.67,0
Odisha,2021-07,426.75,0,88.63,59.22
Others,2021-07,45.01,4.3,0,0
Pondicherry,2021-07,9.51,0,0,0
Punjab,2021-07,1002.33,0,174.35,491.65
Rajasthan,2021-07,6920.4,4326.82,23.85,125.08
Sikkim,2021-07,1.94,0,52.11,0
Tamil Nadu,2021-07,4594.33,9717.04,123.05,1039.91
Telangana,2021-07,3973.14,128.1,90.87,210.48
Tripura,2021-07,14.62,0,16.01,0
Uttar Pradesh,2021-07,2019.2,0,49.1,2176.73
Uttarakhand,2021-07,433.25,0,214.32,139.44
West Bengal,2021-07,162.66,0,98.5,321.09
Andaman & Nicobar,2021-08,29.49,0,5.25,0
Andhra Pradesh,2021-08,4380.28,4096.65,162.11,536.04
Arunachal Pradesh,2021-08,11.22,0,131.105,0
Assam,2021-08,68.45,0,34.11,2
Bihar,2021-08,190.49,0,70.7,125.7
Chandigarh,2021-08,51.97,0,0,0
Chhatisgarh,2021-08,500.9,0,76,270
Dadar & Nagar Haveli,2021-08,5.46,0,0,0
Daman & Diu,2021-08,40.72,0,0,0
Delhi,2021-08,211.12,0,0,52
Goa,2021-08,11.28,0,0.05,0.34
Gujarat,2021-08,5708.63,8851.92,82.69,99.88
Haryana,2021-08,660.69,0,73.5,218
Himachal Pradesh,2021-08,61.23,0,949.31,10.2
Jammu & Kashmir,2021-08,50.1,0,185.98,0
Jharkhand,2021-08,79.57,0,4.05,4.3
Karnataka,2021-08,7469.01,4938.6,1280.73,1902.15
Kerala,2021-08,312.45,62.5,236.02,2.5
Lakshwadeep,2021-08,3.27,0,0,0
Madhya Pradesh,2021-08,2633.59,2519.89,99.71,128
Maharashtra,2021-08,2444.64,5012.83,380.58,2632.15
Manipur,2021-08,12,0,5.45,0
Meghalaya,2021-08,4.01,0,32.53,13.8
Mizoram,2021-08,7.83,0,36.47,0
Nagaland,2021-08,3.01,0,30.67,0
Odisha,2021-08,427.83,0,88.63,59.22
Others,2021-08,45.01,4.3,0,0
Pondicherry,2021-08,9.51,0,0,0
Punjab,2021-08,1021.92,0,174.35,491.65
Rajasthan,2021-08,7737.95,4326.82,23.85,125.08
Sikkim,2021-08,1.94,0,52.11,0
Tamil Nadu,2021-08,4675.23,9749.54,123.05,1039.91
Telangana,2021-08,3992.13,128.1,90.87,219.33
Tripura,2021-08,14.78,0,16.01,0
Uttar Pradesh,2021-08,2019.99,0,49.1,2179.67
Uttarakhand,2021-08,551.53,0,214.32,139.44
West Bengal,2021-08,162.68,0,98.5,321.09
Andaman & Nicobar,2021-09,29.49,0,5.25,0
Andhra Pradesh,2021-09,4380.28,4096.65,162.11,536.04
Arunachal Pradesh,2021-09,11.23,0,131.105,0
Assam,2021-09,68.55,0,34.11,2
Bihar,2021-09,190.52,0,70.7,125.7
Chandigarh,2021-09,51.97,0,0,0
Chhatisgarh,2021-09,500.9,0,76,275
Dadar & Nagar Haveli,2021-09,5.46,0,0,0
Daman & Diu,2021-09,40.72,0,0,0
Delhi,2021-09,211.12,0,0,52
Goa,2021-09,11.28,0,0.05,0.34
Gujarat,2021-09,5987.39,8917.62,82.69,99.88
Haryana,2021-09,691.64,0,73.5,218
Himachal Pradesh,2021-09,61.26,0,949.31,10.2
Jammu & Kashmir,2021-09,50.11,0,185.98,0
Jharkhand,2021-09,84.44,0,4.05,4.3
Karnataka,2021-09,7469.01,5001.6,1280.73,1902.15
Kerala,2021-09,312.45,62.5,238.02,2.5
Lakshwadeep,2021-09,3.27,0,0,0
Madhya Pradesh,2021-09,2633.6,2519.89,99.71,128
Maharashtra,2021-09,2444.64,5012.83,380.58,2632.15
Manipur,2021-09,12.12,0,5.45,0
Meghalaya,2021-09,4.08,0,32.53,13.8
Mizoram,2021-09,7.88,0,36.47,0
Nagaland,2021-09,3.03,0,30.67,0
Odisha,2021-09,427.92,0,88.63,59.22
Others,2021-09,45.01,4.3,0,0
Pondicherry,2021-09,11.52,0,0,0
Punjab,2021-09,1023.55,0,174.35,491.65
Rajasthan,2021-09,8076.7,4326.82,23.85,125.08
Sikkim,2021-09,1.94,0,52.11,0
Tamil Nadu,2021-09,4675.23,9800.14,123.05,1039.91
Telangana,2021-09,3992.13,128.1,90.87,219.33
Tripura,2021-09,14.86,0,16.01,0
Uttar Pradesh,2021-09,2025.48,0,49.1,2179.67
Uttarakhand,2021-09,551.64,0,214.32,139.44
West Bengal,2021-09,162.72,0,98.5,321.09
Andaman & Nicobar,2021-10,29.49,0,5.25,0
Andhra Pradesh,2021-10,4380.71,4096.65,162.11,536.04
Arunachal Pradesh,2021-10,11.23,0,131.105,0
Assam,2021-10,68.55,0,34.11,2
Bihar,2021-10,190.52,0,70.7,125.7
Chandigarh,2021-10,53.45,0,0,0
Chhatisgarh,2021-10,501.58,0,76,275
Dadar & Nagar Haveli,2021-10,5.46,0,0,0
Daman & Diu,2021-10,40.72,0,0,0
Delhi,2021-10,211.12,0,0,52
Goa,2021-10,18.49,0,0.05,0.34
Gujarat,2021-10,6092.69,8952.92,82.69,99.88
Haryana,2021-10,739.05,0,73.5,218
Himachal Pradesh,2021-10,62.67,0,949.31,10.2
Jammu & Kashmir,2021-10,54.67,0,185.98,0
Jharkhand,2021-10,86.62,0,4.05,4.3
Karnataka,2021-10,7512.01,5039.4,1280.73,1902.15
Kerala,2021-10,326.89,62.5,238.02,2.5
Lakshwadeep,2021-10,3.27,0,0,0
Madhya Pradesh,2021-10,2673.64,2519.89,99.71,128
Maharashtra,2021-10,2540.63,5012.83,380.58,2632.15
Manipur,2021-10,12.16,0,5.45,0
Meghalaya,2021-10,4.08,0,32.53,13.8
Mizoram,2021-10,7.88,0,36.47,0
Nagaland,2021-10,3.04,0,30.67,0
Odisha,2021-10,430.49,0,100.63,59.22
Others,2021-10,45.01,4.3,0,0
Pondicherry,2021-10,11.52,0,0,0
Punjab,2021-10,1093.67,0,174.35,491.65
Rajasthan,2021-10,8911.26,4326.82,23.85,125.08
Sikkim,2021-10,4.63,0,52.11,0
Tamil Nadu,2021-10,4738.23,9846.69,123.05,1039.91
Telangana,2021-10,4036.59,128.1,90.87,219.33
Tripura,2021-10,14.86,0,16.01,0
Uttar Pradesh,2021-10,2032.44,0,49.1,2179.67
Uttarakhand,2021-10,552.67,0,214.32,139.44
West Bengal,2021-10,163.9,0,98.5,321.09
Andaman & Nicobar,2021-11,29.49,0,5.25,0
Andhra Pradesh,2021-11,4380.71,4096.65,162.11,551.04
Arunachal Pradesh,2021-11,11.23,0,131.11,0
Assam,2021-11,68.57,0,34.11,2
Bihar,2021-11,190.53,0,70.7,125.7
Chandigarh,2021-11,53.45,0,0,0
Chhatisgarh,2021-11,501.58,0,76,275
Dadar & Nagar Haveli,2021-11,5.46,0,0,0
Daman & Diu,2021-11,40.72,0,0,0
Delhi,2021-11,211.12,0,0,52
Goa,2021-11,18.49,0,0.05,0.34
Gujarat,2021-11,6157.84,8969.12,84.89,107.38
Haryana,2021-11,787.38,0,73.5,226
Himachal Pradesh,2021-11,63.68,0,949.31,10.2
Jammu & Kashmir,2021-11,54.67,0,184.32,0
Jharkhand,2021-11,88.07,0,4.05,4.3
Karnataka,2021-11,7513.71,5066.7,1280.73,1902.15
Kerala,2021-11,326.89,62.5,241.02,2.5
Lakshwadeep,2021-11,3.27,0,0,0
Madhya Pradesh,2021-11,2673.64,2519.89,99.71,128
Maharashtra,2021-11,2540.63,5012.83,380.58,2632.15
Manipur,2021-11,12.18,0,5.45,0
Meghalaya,2021-11,4.1,0,32.53,13.8
Mizoram,2021-11,7.88,0,36.47,0
Nagaland,2021-11,3.04,0,30.67,0
Odisha,2021-11,430.49,0,106.63,59.22
Others,2021-11,45.01,4.3,0,0
Pondicherry,2021-11,12.05,0,0,0
Punjab,2021-11,1097.44,0,174.35,491.65
Rajasthan,2021-11,9512.59,4326.82,23.85,125.08
Sikkim,2021-11,4.64,0,52.11,0
Tamil Nadu,2021-11,4810.23,9846.69,123.05,1039.91
Telangana,2021-11,4040.67,128.1,90.87,219.74
Tripura,2021-11,14.87,0,16.01,0
Uttar Pradesh,2021-11,2123.57,0,49.1,2179.67
Uttarakhand,2021-11,552.8,0,214.32,139.44
West Bengal,2021-11,163.95,0,98.5,322.45
Andaman & Nicobar,2021-12,29.49,0,5.25,0
Andhra Pradesh,2021-12,4383.58,4096.65,162.11,551.04
Arunachal Pradesh,2021-12,11.23,0,131.11,0
Assam,2021-12,68.57,0,34.11,2
Bihar,2021-12,190.565,0,70.7,125.7
Chandigarh,2021-12,53.45,0,0,0
Chhatisgarh,2021-12,506.87,0,76,275
Dadar & Nagar Haveli,2021-12,5.46,0,0,0
Daman & Diu,2021-12,40.72,0,0,0
Delhi,2021-12,211.12,0,0,52
Goa,2021-12,18.745,0,0.05,0.34
Gujarat,2021-12,6233.88,8992.42,84.89,107.38
Haryana,2021-12,787.38,0,73.5,226
Himachal Pradesh,2021-12,65.595,0,951.71,10.2
Jammu & Kashmir,2021-12,54.67,0,184.32,0
Jharkhand,2021-12,88.08,0,4.05,4.3
Karnataka,2021-12,7524.315,5071.95,1280.73,1902.15
Kerala,2021-12,336.085,62.5,241.77,2.5
Lakshwadeep,2021-12,3.27,0,0,0
Madhya Pradesh,2021-12,2680.12,2519.89,99.71,128
Maharashtra,2021-12,2571.92,5012.83,380.83,2632.15
Manipur,2021-12,12.21,0,5.45,0
Meghalaya,2021-12,4.125,0,32.53,13.8
Mizoram,2021-12,7.88,0,36.47,0
Nagaland,2021-12,3.04,0,30.67,0
Odisha,2021-12,430.84,0,106.63,59.22
Others,2021-12,45.01,4.3,0,0
Pondicherry,2021-12,12.05,0,0,0
Punjab,2021-12,1097.9,0,175.225,491.65
Rajasthan,2021-12,10009.77,4326.82,23.85,125.08
Sikkim,2021-12,4.645,0,52.11,0
Tamil Nadu,2021-12,4852.36,9851.805,123.05,1039.91
Telangana,2021-12,4178.48,128.1,90.87,219.74
Tripura,2021-12,14.87,0,16.01,0
Uttar Pradesh,2021-12,2173.985,0,49.1,2179.67
Uttarakhand,2021-12,552.86,0,214.32,139.44
West Bengal,2021-12,164.97,0,98.5,322.45
Andaman & Nicobar,2022-01,29.49,0,5.25,0
Andhra Pradesh,2022-01,4386.45,4096.65,162.11,551.04
Arunachal Pradesh,2022-01,11.23,0,131.11,0
Assam,2022-01,68.57,0,34.11,2
Bihar,2022-01,190.6,0,70.7,125.7
Chandigarh,2022-01,53.45,0,0,0
Chhatisgarh,2022-01,512.16,0,76,275
Dadar & Nagar Haveli,2022-01,5.46,0,0,0
Daman & Diu,2022-01,40.72,0,0,0
Delhi,2022-01,211.12,0,0,52
Goa,2022-01,19,0,0.05,0.34
Gujarat,2022-01,6309.92,9015.72,84.89,107.38
Haryana,2022-01,787.38,0,73.5,226
Himachal Pradesh,2022-01,67.51,0,954.11,10.2
Jammu & Kashmir,2022-01,54.67,0,184.32,0
Jharkhand,2022-01,88.09,0,4.05,4.3
Karnataka,2022-01,7534.92,5077.2,1280.73,1902.15
Kerala,2022-01,345.28,62.5,242.52,2.5
Lakshwadeep,2022-01,3.27,0,0,0
Madhya Pradesh,2022-01,2686.6,2519.89,99.71,128
Maharashtra,2022-01,2603.21,5012.83,381.08,2632.15
Manipur,2022-01,12.24,0,5.45,0
Meghalaya,2022-01,4.15,0,32.53,13.8
Mizoram,2022-01,7.88,0,36.47,0
Nagaland,2022-01,3.04,0,30.67,0
Odisha,2022-01,431.19,0,106.63,59.22
Others,2022-01,45.01,4.3,0,0
Pondicherry,2022-01,12.05,0,0,0
Punjab,2022-01,1098.36,0,176.1,491.65
Rajasthan,2022-01,10506.95,4326.82,23.85,125.08
Sikkim,2022-01,4.65,0,52.11,0
Tamil Nadu,2022-01,4894.49,9856.92,123.05,1039.91
Telangana,2022-01,4316.29,128.1,90.87,219.74
Tripura,2022-01,14.87,0,16.01,0
Uttar Pradesh,2022-01,2224.4,0,49.1,2179.67
Uttarakhand,2022-01,552.92,0,214.32,139.44
West Bengal,2022-01,165.99,0,98.5,322.45
Andaman & Nicobar,2022-02,29.49,0,5.25,0
Andhra Pradesh,2022-02,4386.45,4096.65,162.11,566.04
Arunachal Pradesh,2022-02,11.23,0,131.11,0
Assam,2022-02,112.93,0,34.11,2
Bihar,2022-02,190.61,0,70.7,125.7
Chandigarh,2022-02,53.45,0,0,0
Chhatisgarh,2022-02,517.15,0,76,275
Dadar & Nagar Haveli,2022-02,5.46,0,0,0
Daman & Diu,2022-02,40.72,0,0,0
Delhi,2022-02,211.12,0,0,52
Goa,2022-02,19,0,0.05,0.34
Gujarat,2022-02,6377.56,9043.82,84.89,109.26
Haryana,2022-02,790.21,0,73.5,226
Himachal Pradesh,2022-02,74.74,0,954.11,10.2
Jammu & Kashmir,2022-02,54.73,0,184.32,0
Jharkhand,2022-02,88.09,0,4.05,4.3
Karnataka,2022-02,7573.32,5077.2,1280.73,1902.15
Kerala,2022-02,345.28,62.5,242.52,2.5
Lakshwadeep,2022-02,3.27,0,0,0
Madhya Pradesh,2022-02,2686.61,2519.89,99.71,128
Maharashtra,2022-02,2606.63,5012.83,381.08,2632.15
Manipur,2022-02,12.25,0,5.45,0
Meghalaya,2022-02,4.15,0,32.53,13.8
Mizoram,2022-02,7.88,0,36.47,0
Nagaland,2022-02,3.04,0,30.67,0
Odisha,2022-02,431.19,0,106.63,59.22
Others,2022-02,45.01,4.3,0,0
Pondicherry,2022-02,13.69,0,0,0
Punjab,2022-02,1098.37,0,176.1,491.65
Rajasthan,2022-02,10687.58,4326.82,23.85,125.08
Sikkim,2022-02,4.65,0,52.11,0
Tamil Nadu,2022-02,4894.49,9857.67,123.05,1040.49
Telangana,2022-02,4439.18,128.1,90.87,219.74
Tripura,2022-02,14.89,0,16.01,0
Uttar Pradesh,2022-02,2224.43,0,49.1,2179.67
Uttarakhand,2022-02,552.92,0,214.32,139.44
West Bengal,2022-02,166,0,98.5,322.45
Andaman & Nicobar,2022-03,29.49,0,5.25,0
Andhra Pradesh,2022-03,4386.76,4096.65,162.11,566.04
Arunachal Pradesh,2022-03,11.23,0,131.11,0
Assam,2022-03,117.94,0,34.11,2
Bihar,2022-03,190.63,0,70.7,126.02
Chandigarh,2022-03,55.17,0,0,0
Chhatisgarh,2022-03,518.08,0,76,275
Dadar & Nagar Haveli,2022-03,5.46,0,0,0
Daman & Diu,2022-03,40.72,0,0,0
Delhi,2022-03,211.12,0,0,59
Goa,2022-03,19.95,0,0.05,0.34
Gujarat,2022-03,7180.03,9209.22,89.39,109.26
Haryana,2022-03,910.63,0,73.5,258
Himachal Pradesh,2022-03,76.16,0,954.11,10.2
Jammu & Kashmir,2022-03,54.73,0,184.32,0
Jharkhand,2022-03,88.79,0,4.05,4.3
Karnataka,2022-03,7590.81,5130.9,1280.73,1902.15
Kerala,2022-03,363.18,62.5,242.52,2.5
Lakshwadeep,2022-03,3.27,0,0,0
Madhya Pradesh,2022-03,2717.95,2519.89,99.71,131.33
Maharashtra,2022-03,2631.02,5012.83,381.08,2632.15
Manipur,2022-03,12.25,0,5.45,0
Meghalaya,2022-03,4.15,0,32.53,13.8
Mizoram,2022-03,7.9,0,36.47,0
Nagaland,2022-03,3.04,0,30.67,0
Odisha,2022-03,451.24,0,106.63,59.22
Others,2022-03,45.01,4.3,0,0
Pondicherry,2022-03,13.69,0,0,0
Punjab,2022-03,1100.07,0,176.1,491.65
Rajasthan,2022-03,12564.87,4326.82,23.85,125.08
Sikkim,2022-03,4.68,0,52.11,0
Tamil Nadu,2022-03,5067.18,9866.37,123.05,1042.7
Telangana,2022-03,4520.48,128.1,90.87,219.74
Tripura,2022-03,14.89,0,16.01,0
Uttar Pradesh,2022-03,2244.43,0,49.1,2189.99
Uttarakhand,2022-03,573.54,0,218.82,139.44
West Bengal,2022-03,166,0,98.5,322.45
Andaman & Nicobar,2022-04,29.91,0,5.25,0
Andhra Pradesh,2022-04,4389.42,4096.65,162.11,566.04
Arunachal Pradesh,2022-04,11.23,0,133.11,0
Assam,2022-04,142.94,0,34.11,2
Bihar,2022-04,190.64,0,70.7,126.02
Chandigarh,2022-04,55.65,0,0,0
Chhatisgarh,2022-04,523.07,0,76,275
Dadar & Nagar Haveli,2022-04,5.46,0,0,0
Daman & Diu,2022-04,40.72,0,0,0
Delhi,2022-04,211.12,0,0,59
Goa,2022-04,20.31,0,0.05,0.34
Gujarat,2022-04,7619.4,9289.72,89.39,109.26
Haryana,2022-04,928.57,0,73.5,258
Himachal Pradesh,2022-04,77.56,0,954.11,10.2
Jammu & Kashmir,2022-04,54.73,0,184.32,0
Jharkhand,2022-04,88.79,0,4.05,4.3
Karnataka,2022-04,7597.92,5130.9,1280.73,1902.15
Kerala,2022-04,420.78,62.5,242.52,2.5
Lakshwadeep,2022-04,3.27,0,0,0
Madhya Pradesh,2022-04,2734.21,2519.89,99.71,131.33
Maharashtra,2022-04,2667.83,5012.83,381.08,2632.15
Manipur,2022-04,12.24,0,5.45,0
Meghalaya,2022-04,4.16,0,32.53,13.8
Mizoram,2022-04,8.01,0,36.47,0
Nagaland,2022-04,3.04,0,30.67,0
Odisha,2022-04,451.41,0,106.63,59.22
Others,2022-04,45.01,4.3,0,0
Pondicherry,2022-04,35.51,0,0,0
Punjab,2022-04,1100.07,0,176.1,491.65
Rajasthan,2022-04,12946.99,4416.82,23.85,125.08
Sikkim,2022-04,4.69,0,52.11,0
Tamil Nadu,2022-04,5378.23,9866.37,123.05,1042.7
Telangana,2022-04,4525.85,128.1,90.87,219.74
Tripura,2022-04,14.92,0,16.01,0
Uttar Pradesh,2022-04,2244.46,0,49.1,2189.99
Uttarakhand,2022-04,573.54,0,218.82,139.44
West Bengal,2022-04,176,0,98.5,322.45
Andaman & Nicobar,2022-05,29.91,0,5.25,0
Andhra Pradesh,2022-05,4390.14,4096.65,162.11,566.04
Arunachal Pradesh,2022-05,11.23,0,133.11,0
Assam,2022-05,142.94,0,34.11,2
Bihar,2022-05,190.69,0,70.7,126.02
Chandigarh,2022-05,56.33,0,0,0
Chhatisgarh,2022-05,529.32,0,76,275
Dadar & Nagar Haveli,2022-05,5.46,0,0,0
Daman & Diu,2022-05,41.01,0,0,0
Delhi,2022-05,211.12,0,0,59
Goa,2022-05,20.31,0,0.05,0.34
Gujarat,2022-05,7782.72,9348.52,89.39,109.26
Haryana,2022-05,931.93,0,73.5,258
Himachal Pradesh,2022-05,79.36,0,954.11,10.2
Jammu & Kashmir,2022-05,55.47,0,184.32,0
Jharkhand,2022-05,88.79,0,4.05,4.3
Karnataka,2022-05,7597.92,5171.4,1280.73,1902.15
Kerala,2022-05,493.68,62.5,266.52,2.5
Lakshwadeep,2022-05,3.27,0,0,0
Madhya Pradesh,2022-05,2745.88,2519.89,99.71,131.33
Maharashtra,2022-05,2668.89,5012.83,381.08,2632.15
Manipur,2022-05,12.26,0,5.45,0
Meghalaya,2022-05,4.16,0,32.53,13.8
Mizoram,2022-05,8.01,0,36.47,0
Nagaland,2022-05,3.04,0,31.67,0
Odisha,2022-05,451.41,0,115.63,59.22
Others,2022-05,45.01,4.3,0,0
Pondicherry,2022-05,35.51,0,0,0
Punjab,2022-05,1112.96,0,176.1,491.65
Rajasthan,2022-05,14062.52,4495.82,23.85,125.08
Sikkim,2022-05,4.69,0,53.61,0
Tamil Nadu,2022-05,5572.22,9866.37,123.05,1042.7
Telangana,2022-05,4553.66,128.1,90.87,219.74
Tripura,2022-05,15.41,0,16.01,0
Uttar Pradesh,2022-05,2244.56,0,49.1,2189.99
Uttarakhand,2022-05,573.54,0,218.82,139.44
West Bengal,2022-05,176,0,98.5,322.45
Andaman & Nicobar,2022-06,29.91,0,5.25,0
Andhra Pradesh,2022-06,4390.48,4096.65,162.11,566.04
Arunachal Pradesh,2022-06,11.23,0,133.11,0
Assam,2022-06,142.94,0,34.11,2
Bihar,2022-06,190.69,0,70.7,126.02
Chandigarh,2022-06,56.85,0,0,0
Chhatisgarh,2022-06,529.32,0,76,275
Dadar & Nagar Haveli,2022-06,5.46,0,0,0
Daman & Diu,2022-06,41.01,0,0,0
Delhi,2022-06,211.12,0,0,59
Goa,2022-06,21.54,0,0.05,0.34
Gujarat,2022-06,7806.8,9419.42,89.39,109.26
Haryana,2022-06,943.61,0,73.5,258
Himachal Pradesh,2022-06,80.56,0,954.11,10.2
Jammu & Kashmir,2022-06,55.7,0,184.32,0
Jharkhand,2022-06,88.79,0,4.05,4.3
Karnataka,2022-06,7597.92,5182.15,1280.73,1902.15
Kerala,2022-06,539.6,62.5,266.52,2.5
Lakshwadeep,2022-06,3.27,0,0,0
Madhya Pradesh,2022-06,2746.27,2519.89,99.71,131.33
Maharashtra,2022-06,2753.3,5012.83,381.08,2632.15
Manipur,2022-06,12.26,0,5.45,0
Meghalaya,2022-06,4.16,0,32.53,13.8
Mizoram,2022-06,8.01,0,36.47,0
Nagaland,2022-06,3.04,0,31.67,0
Odisha,2022-06,452.13,0,115.63,59.22
Others,2022-06,45.01,4.3,0,0
Pondicherry,2022-06,35.53,0,0,0
Punjab,2022-06,1117.99,0,176.1,491.65
Rajasthan,2022-06,14454.7,4495.82,23.85,125.08
Sikkim,2022-06,4.69,0,55.11,0
Tamil Nadu,2022-06,5690.79,9866.37,123.05,1042.7
Telangana,2022-06,4621.07,128.1,90.87,219.74
Tripura,2022-06,15.87,0,16.01,0
Uttar Pradesh,2022-06,2244.56,0,49.1,2189.99
Uttarakhand,2022-06,573.54,0,218.82,139.44
West Bengal,2022-06,176,0,98.5,322.45
Andaman & Nicobar,2022-07,29.91,0,5.25,0
Andhra Pradesh,2022-07,4482.18,4096.65,162.11,566.04
Arunachal Pradesh,2022-07,11.23,0,133.11,0
Assam,2022-07,142.94,0,34.11,2
Bihar,2022-07,190.69,0,70.7,126.02
Chandigarh,2022-07,56.85,0,0,0
Chhatisgarh,2022-07,529.32,0,76,275
Dadar & Nagar Haveli,2022-07,5.46,0,0,0
Daman & Diu,2022-07,41.01,0,0,0
Delhi,2022-07,211.12,0,0,59
Goa,2022-07,21.54,0,0.05,0.34
Gujarat,2022-07,7873.3,9443.02,89.39,109.26
Haryana,2022-07,943.61,0,73.5,258
Himachal Pradesh,2022-07,82.16,0,954.11,10.2
Jammu & Kashmir,2022-07,55.7,0,184.32,0
Jharkhand,2022-07,88.79,0,4.05,4.3
Karnataka,2022-07,7682.56,5219.95,1280.73,1902.15
Kerala,2022-07,539.61,62.5,266.52,2.5
Lakshwadeep,2022-07,3.27,0,0,0
Madhya Pradesh,2022-07,2746.28,2519.89,99.71,131.33
Maharashtra,2022-07,2773.3,5012.83,381.08,2632.15
Manipur,2022-07,12.26,0,5.45,0
Meghalaya,2022-07,4.15,0,32.53,13.8
Mizoram,2022-07,8,0,36.47,0
Nagaland,2022-07,3.04,0,31.67,0
Odisha,2022-07,452.14,0,115.63,59.22
Others,2022-07,45.01,4.3,0,0
Pondicherry,2022-07,35.53,0,0,0
Punjab,2022-07,1117.99,0,176.1,491.65
Rajasthan,2022-07,14454.7,4537.02,23.85,125.08
Sikkim,2022-07,4.68,0,55.11,0
Tamil Nadu,2022-07,5690.79,9869.07,123.05,1042.7
Telangana,2022-07,4624.71,128.1,90.87,219.74
Tripura,2022-07,15.87,0,16.01,0
Uttar Pradesh,2022-07,2244.56,0,49.1,2189.99
Uttarakhand,2022-07,573.54,0,218.82,139.44
West Bengal,2022-07,176,0,98.5,322.45
Andaman & Nicobar,2022-08,29.91,0,5.25,0
Andhra Pradesh,2022-08,4505.8,4096.65,162.11,566.04
Arunachal Pradesh,2022-08,11.23,0,133.11,0
Assam,2022-08,142.96,0,34.11,2
Bihar,2022-08,190.76,0,70.7,126.02
Chandigarh,2022-08,57.84,0,0,0
Chhatisgarh,2022-08,798.34,0,76,275
Dadar & Nagar Haveli,2022-08,5.46,0,0,0
Daman & Diu,2022-08,41.01,0,0,0
Delhi,2022-08,211.12,0,0,59
Goa,2022-08,26.4,0,0.05,0.34
Gujarat,2022-08,8000.15,9711.82,89.39,109.26
Haryana,2022-08,947.89,0,73.5,258
Himachal Pradesh,2022-08,86.29,0,954.11,10.2
Jammu & Kashmir,2022-08,56.21,0,184.32,0
Jharkhand,2022-08,91.82,0,4.05,4.3
Karnataka,2022-08,7771.49,5257.65,1280.73,1902.15
Kerala,2022-08,622.36,62.5,266.52,2.5
Lakshwadeep,2022-08,3.27,0,0,0
Madhya Pradesh,2022-08,2755.4,2519.89,99.71,131.33
Maharashtra,2022-08,2935.9,5012.83,381.08,2632.15
Manipur,2022-08,12.28,0,5.45,0
Meghalaya,2022-08,4.16,0,32.53,13.8
Mizoram,2022-08,8.02,0,36.47,0
Nagaland,2022-08,3.04,0,31.67,0
Odisha,2022-08,452.64,0,115.63,59.22
Others,2022-08,45.01,4.3,0,0
Pondicherry,2022-08,35.53,0,0,0
Punjab,2022-08,1124.53,0,176.1,491.65
Rajasthan,2022-08,14826.28,4537.02,23.85,125.08
Sikkim,2022-08,4.69,0,55.11,0
Tamil Nadu,2022-08,5852.43,9873.92,123.05,1042.7
Telangana,2022-08,4630.1,128.1,90.87,219.74
Tripura,2022-08,16.15,0,16.01,0
Uttar Pradesh,2022-08,2244.78,0,49.1,2189.99
Uttarakhand,2022-08,575.43,0,218.82,139.44
West Bengal,2022-08,176.02,0,98.5,322.45
Andaman & Nicobar,2022-09,29.91,0,5.25,0
Andhra Pradesh,2022-09,4506.66,4096.65,162.11,566.04
Arunachal Pradesh,2022-09,11.23,0,133.11,0
Assam,2022-09,147.92,0,34.11,2
Bihar,2022-09,190.76,0,70.7,126.02
Chandigarh,2022-09,57.84,0,0,0
Chhatisgarh,2022-09,798.34,0,76,275
Dadar & Nagar Haveli,2022-09,5.46,0,0,0
Daman & Diu,2022-09,41.01,0,0,0
Delhi,2022-09,211.12,0,0,59
Goa,2022-09,26.4,0,0.05,0.34
Gujarat,2022-09,8045.58,9798.52,89.39,110.73
Haryana,2022-09,954.65,0,73.5,258.88
Himachal Pradesh,2022-09,87.35,0,960.71,10.2
Jammu & Kashmir,2022-09,56.36,0,184.32,0
Jharkhand,2022-09,93.58,0,4.05,4.3
Karnataka,2022-09,7859.38,5268.15,1280.73,1902.15
Kerala,2022-09,653.97,62.5,266.52,2.5
Lakshwadeep,2022-09,3.27,0,0,0
Madhya Pradesh,2022-09,2762.14,2844.29,99.71,131.75
Maharashtra,2022-09,3391.63,5012.83,381.08,2636.42
Manipur,2022-09,12.28,0,5.45,0
Meghalaya,2022-09,4.15,0,32.53,13.8
Mizoram,2022-09,8.01,0,41.47,0
Nagaland,2022-09,3.04,0,31.67,0
Odisha,2022-09,452.67,0,115.63,59.22
Others,2022-09,45.01,4.3,0,0
Pondicherry,2022-09,35.53,0,0,0
Punjab,2022-09,1127.07,0,176.1,498.94
Rajasthan,2022-09,15283.66,4576.82,23.85,125.08
Sikkim,2022-09,4.68,0,55.11,0
Tamil Nadu,2022-09,6233.36,9873.92,123.05,1042.7
Telangana,2022-09,4637.39,128.1,90.87,219.74
Tripura,2022-09,16.26,0,16.01,0
Uttar Pradesh,2022-09,2264.78,0,49.1,2192.89
Uttarakhand,2022-09,575.45,0,218.82,139.44
West Bengal,2022-09,176.03,0,98.5,323.7
Andaman & Nicobar,2022-10,29.91,0,5.25,0
Andhra Pradesh,2022-10,4506.66,4096.65,162.11,566.04
Arunachal Pradesh,2022-10,11.23,0,133.11,0
Assam,2022-10,147.92,0,34.11,2
Bihar,2022-10,190.76,0,70.7,126.02
Chandigarh,2022-10,57.84,0,0,0
Chhatisgarh,2022-10,798.34,0,76,275
Dadar & Nagar Haveli,2022-10,5.46,0,0,0
Daman & Diu,2022-10,41.01,0,0,0
Delhi,2022-10,211.12,0,0,59
Goa,2022-10,26.4,0,0.05,0.34
Gujarat,2022-10,8045.58,9798.52,89.39,110.73
Haryana,2022-10,954.65,0,73.5,258.88
Himachal Pradesh,2022-10,87.35,0,960.71,10.2
Jammu & Kashmir,2022-10,56.36,0,184.32,0
Jharkhand,2022-10,93.58,0,4.05,4.3
Karnataka,2022-10,7859.38,5268.15,1280.73,1902.15
Kerala,2022-10,653.97,62.5,266.52,2.5
Lakshwadeep,2022-10,3.27,0,0,0
Madhya Pradesh,2022-10,2762.14,2844.29,99.71,131.75
Maharashtra,2022-10,3391.63,5012.83,381.08,2636.42
Manipur,2022-10,12.28,0,5.45,0
Meghalaya,2022-10,4.15,0,32.53,13.8
Mizoram,2022-10,8.01,0,41.47,0
Nagaland,2022-10,3.04,0,31.67,0
Odisha,2022-10,452.67,0,115.63,59.22
Others,2022-10,45.01,4.3,0,0
Pondicherry,2022-10,35.53,0,0,0
Punjab,2022-10,1127.07,0,176.1,498.94
Rajasthan,2022-10,15283.66,4576.82,23.85,125.08
Sikkim,2022-10,4.68,0,55.11,0
Tamil Nadu,2022-10,6233.36,9873.92,123.05,1042.7
Telangana,2022-10,4637.39,128.1,90.87,219.74
Tripura,2022-10,16.26,0,16.01,0
Uttar Pradesh,2022-10,2264.78,0,49.1,2192.89
Uttarakhand,2022-10,575.45,0,218.82,139.44
West Bengal,2022-10,176.03,0,98.5,323.7
Andaman & Nicobar,2022-11,29.91,0,5.25,0
Andhra Pradesh,2022-11,4508.45,4096.65,162.11,566.04
Arunachal Pradesh,2022-11,11.23,0,133.11,0
Assam,2022-11,147.92,0,34.11,2
Bihar,2022-11,192.89,0,70.7,126.02
Chandigarh,2022-11,58.69,0,0,0
Chhatisgarh,2022-11,803.43,0,76,275
Dadar & Nagar Haveli,2022-11,5.46,0,0,0
Daman & Diu,2022-11,41.01,0,0,0
Delhi,2022-11,211.12,0,0,84
Goa,2022-11,26.4,0,0.05,0.34
Gujarat,2022-11,8369.9,9860.62,89.39,110.73
Haryana,2022-11,968.67,0,73.5,258.88
Himachal Pradesh,2022-11,87.38,0,960.71,10.2
Jammu & Kashmir,2022-11,56.7,0,185.47,0
Jharkhand,2022-11,94.07,0,4.05,4.3
Karnataka,2022-11,7879.55,5268.15,1280.73,1902.15
Kerala,2022-11,653.97,62.5,266.52,2.5
Lakshwadeep,2022-11,3.27,0,0,0
Madhya Pradesh,2022-11,2765.58,2844.29,123.71,131.75
Maharashtra,2022-11,3503.09,5012.83,381.08,2636.42
Manipur,2022-11,12.28,0,5.45,0
Meghalaya,2022-11,4.15,0,32.53,13.8
Mizoram,2022-11,8.01,0,41.47,0
Nagaland,2022-11,3.04,0,31.67,0
Odisha,2022-11,452.72,0,115.63,59.22
Others,2022-11,45.01,4.3,0,0
Pondicherry,2022-11,35.53,0,0,0
Punjab,2022-11,1143.41,0,176.1,498.94
Rajasthan,2022-11,15626.04,4681.82,23.85,125.08
Sikkim,2022-11,4.68,0,55.11,0
Tamil Nadu,2022-11,6333.46,9936.02,123.05,1042.7
Telangana,2022-11,4640.02,128.1,90.87,219.74
Tripura,2022-11,16.3,0,16.01,0
Uttar Pradesh,2022-11,2467.78,0,49.1,2192.89
Uttarakhand,2022-11,575.45,0,218.82,139.44
West Bengal,2022-11,179.83,0,98.5,323.7
Andaman & Nicobar,2022-12,29.91,0,5.25,0
Andhra Pradesh,2022-12,4524.72,4096.65,162.11,566.04
Arunachal Pradesh,2022-12,11.52,0,133.11,0
Assam,2022-12,147.92,0,34.11,2
Bihar,2022-12,192.89,0,70.7,126.02
Chandigarh,2022-12,58.69,0,0,0
Chhatisgarh,2022-12,944.22,0,76,275
Dadar & Nagar Haveli,2022-12,5.46,0,0,0
Daman & Diu,2022-12,41.01,0,0,0
Delhi,2022-12,211.48,0,0,84
Goa,2022-12,26.4,0,0.05,0.34
Gujarat,2022-12,8500.74,9860.62,89.39,110.73
Haryana,2022-12,990.67,0,73.5,258.88
Himachal Pradesh,2022-12,87.39,0,960.71,10.2
Jammu & Kashmir,2022-12,56.7,0,185.47,0
Jharkhand,2022-12,94.91,0,4.05,4.3
Karnataka,2022-12,7885.57,5268.15,1280.73,1902.15
Kerala,2022-12,688.35,62.5,266.52,2.5
Lakshwadeep,2022-12,3.27,0,0,0
Madhya Pradesh,2022-12,2774.78,2844.29,123.71,131.75
Maharashtra,2022-12,3646.13,5012.83,381.08,2636.42
Manipur,2022-12,12.28,0,5.45,0
Meghalaya,2022-12,4.15,0,32.53,13.8
Mizoram,2022-12,8.01,0,41.47,0
Nagaland,2022-12,3.04,0,31.67,0
Odisha,2022-12,452.72,0,115.63,59.22
Others,2022-12,45.01,4.3,0,0
Pondicherry,2022-12,35.53,0,0,0
Punjab,2022-12,1153.21,0,176.1,498.94
Rajasthan,2022-12,16340.75,4681.82,23.85,125.08
Sikkim,2022-12,4.68,0,55.11,0
Tamil Nadu,2022-12,6412.36,9936.02,123.05,1042.7
Telangana,2022-12,4650.93,128.1,90.87,219.74
Tripura,2022-12,16.67,0,16.01,0
Uttar Pradesh,2022-12,2485.16,0,49.1,2192.89
Uttarakhand,2022-12,575.46,0,218.82,139.44
West Bengal,2022-12,179.83,0,98.5,323.7
